Id;Origin;Destination;Month;DayOfMonth;Price;;;;;;
1;Paris;Barcelona;August;1;125;;INSERT INTO flights_prices (id, origin, destination, month_num, day_of_month, price)  VALUES(;';,;");";"INSERT INTO flights_prices (id, origin, destination, month_num, day_of_month, price)  VALUES(1,'Paris','Barcelona','August',1,125);"
2;Paris;Barcelona;August;2;115;;INSERT INTO flights_prices (id, origin, destination, month_num, day_of_month, price)  VALUES(;';,;");";"INSERT INTO flights_prices (id, origin, destination, month_num, day_of_month, price)  VALUES(2,'Paris','Barcelona','August',2,115);"
3;Paris;Barcelona;August;3;125;;INSERT INTO flights_prices (id, origin, destination, month_num, day_of_month, price)  VALUES(;';,;");";"INSERT INTO flights_prices (id, origin, destination, month_num, day_of_month, price)  VALUES(3,'Paris','Barcelona','August',3,125);"
4;Paris;Barcelona;August;4;135;;INSERT INTO flights_prices (id, origin, destination, month_num, day_of_month, price)  VALUES(;';,;");";"INSERT INTO flights_prices (id, origin, destination, month_num, day_of_month, price)  VALUES(4,'Paris','Barcelona','August',4,135);"
5;Paris;Barcelona;August;5;115;;INSERT INTO flights_prices (id, origin, destination, month_num, day_of_month, price)  VALUES(;';,;");";"INSERT INTO flights_prices (id, origin, destination, month_num, day_of_month, price)  VALUES(5,'Paris','Barcelona','August',5,115);"
6;Paris;Barcelona;August;6;95;;INSERT INTO flights_prices (id, origin, destination, month_num, day_of_month, price)  VALUES(;';,;");";"INSERT INTO flights_prices (id, origin, destination, month_num, day_of_month, price)  VALUES(6,'Paris','Barcelona','August',6,95);"
7;Paris;Barcelona;August;7;75;;INSERT INTO flights_prices (id, origin, destination, month_num, day_of_month, price)  VALUES(;';,;");";"INSERT INTO flights_prices (id, origin, destination, month_num, day_of_month, price)  VALUES(7,'Paris','Barcelona','August',7,75);"
8;Paris;Barcelona;August;8;75;;INSERT INTO flights_prices (id, origin, destination, month_num, day_of_month, price)  VALUES(;';,;");";"INSERT INTO flights_prices (id, origin, destination, month_num, day_of_month, price)  VALUES(8,'Paris','Barcelona','August',8,75);"
9;Paris;Barcelona;August;9;79;;INSERT INTO flights_prices (id, origin, destination, month_num, day_of_month, price)  VALUES(;';,;");";"INSERT INTO flights_prices (id, origin, destination, month_num, day_of_month, price)  VALUES(9,'Paris','Barcelona','August',9,79);"
10;Paris;Barcelona;August;10;92;;INSERT INTO flights_prices (id, origin, destination, month_num, day_of_month, price)  VALUES(;';,;");";"INSERT INTO flights_prices (id, origin, destination, month_num, day_of_month, price)  VALUES(10,'Paris','Barcelona','August',10,92);"
11;Paris;Barcelona;August;11;95;;INSERT INTO flights_prices (id, origin, destination, month_num, day_of_month, price)  VALUES(;';,;");";"INSERT INTO flights_prices (id, origin, destination, month_num, day_of_month, price)  VALUES(11,'Paris','Barcelona','August',11,95);"
12;Paris;Barcelona;August;12;95;;INSERT INTO flights_prices (id, origin, destination, month_num, day_of_month, price)  VALUES(;';,;");";"INSERT INTO flights_prices (id, origin, destination, month_num, day_of_month, price)  VALUES(12,'Paris','Barcelona','August',12,95);"
13;Paris;Barcelona;August;13;65;;INSERT INTO flights_prices (id, origin, destination, month_num, day_of_month, price)  VALUES(;';,;");";"INSERT INTO flights_prices (id, origin, destination, month_num, day_of_month, price)  VALUES(13,'Paris','Barcelona','August',13,65);"
14;Paris;Barcelona;August;14;72;;INSERT INTO flights_prices (id, origin, destination, month_num, day_of_month, price)  VALUES(;';,;");";"INSERT INTO flights_prices (id, origin, destination, month_num, day_of_month, price)  VALUES(14,'Paris','Barcelona','August',14,72);"
15;Paris;Barcelona;August;15;43;;INSERT INTO flights_prices (id, origin, destination, month_num, day_of_month, price)  VALUES(;';,;");";"INSERT INTO flights_prices (id, origin, destination, month_num, day_of_month, price)  VALUES(15,'Paris','Barcelona','August',15,43);"
16;Paris;Barcelona;August;16;49;;INSERT INTO flights_prices (id, origin, destination, month_num, day_of_month, price)  VALUES(;';,;");";"INSERT INTO flights_prices (id, origin, destination, month_num, day_of_month, price)  VALUES(16,'Paris','Barcelona','August',16,49);"
17;Paris;Barcelona;August;17;34;;INSERT INTO flights_prices (id, origin, destination, month_num, day_of_month, price)  VALUES(;';,;");";"INSERT INTO flights_prices (id, origin, destination, month_num, day_of_month, price)  VALUES(17,'Paris','Barcelona','August',17,34);"
18;Paris;Barcelona;August;18;49;;INSERT INTO flights_prices (id, origin, destination, month_num, day_of_month, price)  VALUES(;';,;");";"INSERT INTO flights_prices (id, origin, destination, month_num, day_of_month, price)  VALUES(18,'Paris','Barcelona','August',18,49);"
19;Paris;Barcelona;August;19;43;;INSERT INTO flights_prices (id, origin, destination, month_num, day_of_month, price)  VALUES(;';,;");";"INSERT INTO flights_prices (id, origin, destination, month_num, day_of_month, price)  VALUES(19,'Paris','Barcelona','August',19,43);"
20;Paris;Barcelona;August;20;24;;INSERT INTO flights_prices (id, origin, destination, month_num, day_of_month, price)  VALUES(;';,;");";"INSERT INTO flights_prices (id, origin, destination, month_num, day_of_month, price)  VALUES(20,'Paris','Barcelona','August',20,24);"
21;Paris;Barcelona;August;21;18;;INSERT INTO flights_prices (id, origin, destination, month_num, day_of_month, price)  VALUES(;';,;");";"INSERT INTO flights_prices (id, origin, destination, month_num, day_of_month, price)  VALUES(21,'Paris','Barcelona','August',21,18);"
22;Paris;Barcelona;August;22;18;;INSERT INTO flights_prices (id, origin, destination, month_num, day_of_month, price)  VALUES(;';,;");";"INSERT INTO flights_prices (id, origin, destination, month_num, day_of_month, price)  VALUES(22,'Paris','Barcelona','August',22,18);"
23;Paris;Barcelona;August;23;18;;INSERT INTO flights_prices (id, origin, destination, month_num, day_of_month, price)  VALUES(;';,;");";"INSERT INTO flights_prices (id, origin, destination, month_num, day_of_month, price)  VALUES(23,'Paris','Barcelona','August',23,18);"
24;Paris;Barcelona;August;24;26;;INSERT INTO flights_prices (id, origin, destination, month_num, day_of_month, price)  VALUES(;';,;");";"INSERT INTO flights_prices (id, origin, destination, month_num, day_of_month, price)  VALUES(24,'Paris','Barcelona','August',24,26);"
25;Paris;Barcelona;August;25;44;;INSERT INTO flights_prices (id, origin, destination, month_num, day_of_month, price)  VALUES(;';,;");";"INSERT INTO flights_prices (id, origin, destination, month_num, day_of_month, price)  VALUES(25,'Paris','Barcelona','August',25,44);"
26;Paris;Barcelona;August;26;18;;INSERT INTO flights_prices (id, origin, destination, month_num, day_of_month, price)  VALUES(;';,;");";"INSERT INTO flights_prices (id, origin, destination, month_num, day_of_month, price)  VALUES(26,'Paris','Barcelona','August',26,18);"
27;Paris;Barcelona;August;27;18;;INSERT INTO flights_prices (id, origin, destination, month_num, day_of_month, price)  VALUES(;';,;");";"INSERT INTO flights_prices (id, origin, destination, month_num, day_of_month, price)  VALUES(27,'Paris','Barcelona','August',27,18);"
28;Paris;Barcelona;August;28;18;;INSERT INTO flights_prices (id, origin, destination, month_num, day_of_month, price)  VALUES(;';,;");";"INSERT INTO flights_prices (id, origin, destination, month_num, day_of_month, price)  VALUES(28,'Paris','Barcelona','August',28,18);"
29;Paris;Barcelona;August;29;18;;INSERT INTO flights_prices (id, origin, destination, month_num, day_of_month, price)  VALUES(;';,;");";"INSERT INTO flights_prices (id, origin, destination, month_num, day_of_month, price)  VALUES(29,'Paris','Barcelona','August',29,18);"
30;Paris;Barcelona;August;30;18;;INSERT INTO flights_prices (id, origin, destination, month_num, day_of_month, price)  VALUES(;';,;");";"INSERT INTO flights_prices (id, origin, destination, month_num, day_of_month, price)  VALUES(30,'Paris','Barcelona','August',30,18);"
31;Paris;Barcelona;August;31;18;;INSERT INTO flights_prices (id, origin, destination, month_num, day_of_month, price)  VALUES(;';,;");";"INSERT INTO flights_prices (id, origin, destination, month_num, day_of_month, price)  VALUES(31,'Paris','Barcelona','August',31,18);"
32;Paris;Barcelona;September;1;35;;INSERT INTO flights_prices (id, origin, destination, month_num, day_of_month, price)  VALUES(;';,;");";"INSERT INTO flights_prices (id, origin, destination, month_num, day_of_month, price)  VALUES(32,'Paris','Barcelona','September',1,35);"
33;Paris;Barcelona;September;2;18;;INSERT INTO flights_prices (id, origin, destination, month_num, day_of_month, price)  VALUES(;';,;");";"INSERT INTO flights_prices (id, origin, destination, month_num, day_of_month, price)  VALUES(33,'Paris','Barcelona','September',2,18);"
34;Paris;Barcelona;September;3;18;;INSERT INTO flights_prices (id, origin, destination, month_num, day_of_month, price)  VALUES(;';,;");";"INSERT INTO flights_prices (id, origin, destination, month_num, day_of_month, price)  VALUES(34,'Paris','Barcelona','September',3,18);"
35;Paris;Barcelona;September;4;18;;INSERT INTO flights_prices (id, origin, destination, month_num, day_of_month, price)  VALUES(;';,;");";"INSERT INTO flights_prices (id, origin, destination, month_num, day_of_month, price)  VALUES(35,'Paris','Barcelona','September',4,18);"
36;Paris;Barcelona;September;5;18;;INSERT INTO flights_prices (id, origin, destination, month_num, day_of_month, price)  VALUES(;';,;");";"INSERT INTO flights_prices (id, origin, destination, month_num, day_of_month, price)  VALUES(36,'Paris','Barcelona','September',5,18);"
37;Paris;Barcelona;September;6;24;;INSERT INTO flights_prices (id, origin, destination, month_num, day_of_month, price)  VALUES(;';,;");";"INSERT INTO flights_prices (id, origin, destination, month_num, day_of_month, price)  VALUES(37,'Paris','Barcelona','September',6,24);"
38;Paris;Barcelona;September;7;49;;INSERT INTO flights_prices (id, origin, destination, month_num, day_of_month, price)  VALUES(;';,;");";"INSERT INTO flights_prices (id, origin, destination, month_num, day_of_month, price)  VALUES(38,'Paris','Barcelona','September',7,49);"
39;Paris;Barcelona;September;8;43;;INSERT INTO flights_prices (id, origin, destination, month_num, day_of_month, price)  VALUES(;';,;");";"INSERT INTO flights_prices (id, origin, destination, month_num, day_of_month, price)  VALUES(39,'Paris','Barcelona','September',8,43);"
40;Paris;Barcelona;September;9;43;;INSERT INTO flights_prices (id, origin, destination, month_num, day_of_month, price)  VALUES(;';,;");";"INSERT INTO flights_prices (id, origin, destination, month_num, day_of_month, price)  VALUES(40,'Paris','Barcelona','September',9,43);"
41;Paris;Barcelona;September;10;52;;INSERT INTO flights_prices (id, origin, destination, month_num, day_of_month, price)  VALUES(;';,;");";"INSERT INTO flights_prices (id, origin, destination, month_num, day_of_month, price)  VALUES(41,'Paris','Barcelona','September',10,52);"
42;Paris;Barcelona;September;11;49;;INSERT INTO flights_prices (id, origin, destination, month_num, day_of_month, price)  VALUES(;';,;");";"INSERT INTO flights_prices (id, origin, destination, month_num, day_of_month, price)  VALUES(42,'Paris','Barcelona','September',11,49);"
43;Paris;Barcelona;September;12;24;;INSERT INTO flights_prices (id, origin, destination, month_num, day_of_month, price)  VALUES(;';,;");";"INSERT INTO flights_prices (id, origin, destination, month_num, day_of_month, price)  VALUES(43,'Paris','Barcelona','September',12,24);"
44;Paris;Barcelona;September;13;24;;INSERT INTO flights_prices (id, origin, destination, month_num, day_of_month, price)  VALUES(;';,;");";"INSERT INTO flights_prices (id, origin, destination, month_num, day_of_month, price)  VALUES(44,'Paris','Barcelona','September',13,24);"
45;Paris;Barcelona;September;14;26;;INSERT INTO flights_prices (id, origin, destination, month_num, day_of_month, price)  VALUES(;';,;");";"INSERT INTO flights_prices (id, origin, destination, month_num, day_of_month, price)  VALUES(45,'Paris','Barcelona','September',14,26);"
46;Paris;Barcelona;September;15;34;;INSERT INTO flights_prices (id, origin, destination, month_num, day_of_month, price)  VALUES(;';,;");";"INSERT INTO flights_prices (id, origin, destination, month_num, day_of_month, price)  VALUES(46,'Paris','Barcelona','September',15,34);"
47;Paris;Barcelona;September;16;34;;INSERT INTO flights_prices (id, origin, destination, month_num, day_of_month, price)  VALUES(;';,;");";"INSERT INTO flights_prices (id, origin, destination, month_num, day_of_month, price)  VALUES(47,'Paris','Barcelona','September',16,34);"
48;Paris;Barcelona;September;17;18;;INSERT INTO flights_prices (id, origin, destination, month_num, day_of_month, price)  VALUES(;';,;");";"INSERT INTO flights_prices (id, origin, destination, month_num, day_of_month, price)  VALUES(48,'Paris','Barcelona','September',17,18);"
49;Paris;Barcelona;September;18;18;;INSERT INTO flights_prices (id, origin, destination, month_num, day_of_month, price)  VALUES(;';,;");";"INSERT INTO flights_prices (id, origin, destination, month_num, day_of_month, price)  VALUES(49,'Paris','Barcelona','September',18,18);"
50;Paris;Barcelona;September;19;18;;INSERT INTO flights_prices (id, origin, destination, month_num, day_of_month, price)  VALUES(;';,;");";"INSERT INTO flights_prices (id, origin, destination, month_num, day_of_month, price)  VALUES(50,'Paris','Barcelona','September',19,18);"
51;Paris;Barcelona;September;20;18;;INSERT INTO flights_prices (id, origin, destination, month_num, day_of_month, price)  VALUES(;';,;");";"INSERT INTO flights_prices (id, origin, destination, month_num, day_of_month, price)  VALUES(51,'Paris','Barcelona','September',20,18);"
52;Paris;Barcelona;September;21;26;;INSERT INTO flights_prices (id, origin, destination, month_num, day_of_month, price)  VALUES(;';,;");";"INSERT INTO flights_prices (id, origin, destination, month_num, day_of_month, price)  VALUES(52,'Paris','Barcelona','September',21,26);"
53;Paris;Barcelona;September;22;18;;INSERT INTO flights_prices (id, origin, destination, month_num, day_of_month, price)  VALUES(;';,;");";"INSERT INTO flights_prices (id, origin, destination, month_num, day_of_month, price)  VALUES(53,'Paris','Barcelona','September',22,18);"
54;Paris;Barcelona;September;23;18;;INSERT INTO flights_prices (id, origin, destination, month_num, day_of_month, price)  VALUES(;';,;");";"INSERT INTO flights_prices (id, origin, destination, month_num, day_of_month, price)  VALUES(54,'Paris','Barcelona','September',23,18);"
55;Paris;Barcelona;September;24;26;;INSERT INTO flights_prices (id, origin, destination, month_num, day_of_month, price)  VALUES(;';,;");";"INSERT INTO flights_prices (id, origin, destination, month_num, day_of_month, price)  VALUES(55,'Paris','Barcelona','September',24,26);"
56;Paris;Barcelona;September;25;26;;INSERT INTO flights_prices (id, origin, destination, month_num, day_of_month, price)  VALUES(;';,;");";"INSERT INTO flights_prices (id, origin, destination, month_num, day_of_month, price)  VALUES(56,'Paris','Barcelona','September',25,26);"
57;Paris;Barcelona;September;26;18;;INSERT INTO flights_prices (id, origin, destination, month_num, day_of_month, price)  VALUES(;';,;");";"INSERT INTO flights_prices (id, origin, destination, month_num, day_of_month, price)  VALUES(57,'Paris','Barcelona','September',26,18);"
58;Paris;Barcelona;September;27;18;;INSERT INTO flights_prices (id, origin, destination, month_num, day_of_month, price)  VALUES(;';,;");";"INSERT INTO flights_prices (id, origin, destination, month_num, day_of_month, price)  VALUES(58,'Paris','Barcelona','September',27,18);"
59;Paris;Barcelona;September;28;18;;INSERT INTO flights_prices (id, origin, destination, month_num, day_of_month, price)  VALUES(;';,;");";"INSERT INTO flights_prices (id, origin, destination, month_num, day_of_month, price)  VALUES(59,'Paris','Barcelona','September',28,18);"
60;Paris;Barcelona;September;29;18;;INSERT INTO flights_prices (id, origin, destination, month_num, day_of_month, price)  VALUES(;';,;");";"INSERT INTO flights_prices (id, origin, destination, month_num, day_of_month, price)  VALUES(60,'Paris','Barcelona','September',29,18);"
61;Paris;Barcelona;September;30;18;;INSERT INTO flights_prices (id, origin, destination, month_num, day_of_month, price)  VALUES(;';,;");";"INSERT INTO flights_prices (id, origin, destination, month_num, day_of_month, price)  VALUES(61,'Paris','Barcelona','September',30,18);"
62;Berlin;Warsaw;August;1;125;;INSERT INTO flights_prices (id, origin, destination, month_num, day_of_month, price)  VALUES(;';,;");";"INSERT INTO flights_prices (id, origin, destination, month_num, day_of_month, price)  VALUES(62,'Berlin','Warsaw','August',1,125);"
63;Berlin;Warsaw;August;2;220;;INSERT INTO flights_prices (id, origin, destination, month_num, day_of_month, price)  VALUES(;';,;");";"INSERT INTO flights_prices (id, origin, destination, month_num, day_of_month, price)  VALUES(63,'Berlin','Warsaw','August',2,220);"
64;Berlin;Warsaw;August;3;196;;INSERT INTO flights_prices (id, origin, destination, month_num, day_of_month, price)  VALUES(;';,;");";"INSERT INTO flights_prices (id, origin, destination, month_num, day_of_month, price)  VALUES(64,'Berlin','Warsaw','August',3,196);"
65;Berlin;Warsaw;August;4;196;;INSERT INTO flights_prices (id, origin, destination, month_num, day_of_month, price)  VALUES(;';,;");";"INSERT INTO flights_prices (id, origin, destination, month_num, day_of_month, price)  VALUES(65,'Berlin','Warsaw','August',4,196);"
66;Berlin;Warsaw;August;5;175;;INSERT INTO flights_prices (id, origin, destination, month_num, day_of_month, price)  VALUES(;';,;");";"INSERT INTO flights_prices (id, origin, destination, month_num, day_of_month, price)  VALUES(66,'Berlin','Warsaw','August',5,175);"
67;Berlin;Warsaw;August;6;175;;INSERT INTO flights_prices (id, origin, destination, month_num, day_of_month, price)  VALUES(;';,;");";"INSERT INTO flights_prices (id, origin, destination, month_num, day_of_month, price)  VALUES(67,'Berlin','Warsaw','August',6,175);"
68;Berlin;Warsaw;August;7;175;;INSERT INTO flights_prices (id, origin, destination, month_num, day_of_month, price)  VALUES(;';,;");";"INSERT INTO flights_prices (id, origin, destination, month_num, day_of_month, price)  VALUES(68,'Berlin','Warsaw','August',7,175);"
69;Berlin;Warsaw;August;8;175;;INSERT INTO flights_prices (id, origin, destination, month_num, day_of_month, price)  VALUES(;';,;");";"INSERT INTO flights_prices (id, origin, destination, month_num, day_of_month, price)  VALUES(69,'Berlin','Warsaw','August',8,175);"
70;Berlin;Warsaw;August;9;175;;INSERT INTO flights_prices (id, origin, destination, month_num, day_of_month, price)  VALUES(;';,;");";"INSERT INTO flights_prices (id, origin, destination, month_num, day_of_month, price)  VALUES(70,'Berlin','Warsaw','August',9,175);"
71;Berlin;Warsaw;August;10;175;;INSERT INTO flights_prices (id, origin, destination, month_num, day_of_month, price)  VALUES(;';,;");";"INSERT INTO flights_prices (id, origin, destination, month_num, day_of_month, price)  VALUES(71,'Berlin','Warsaw','August',10,175);"
72;Berlin;Warsaw;August;11;175;;INSERT INTO flights_prices (id, origin, destination, month_num, day_of_month, price)  VALUES(;';,;");";"INSERT INTO flights_prices (id, origin, destination, month_num, day_of_month, price)  VALUES(72,'Berlin','Warsaw','August',11,175);"
73;Berlin;Warsaw;August;12;175;;INSERT INTO flights_prices (id, origin, destination, month_num, day_of_month, price)  VALUES(;';,;");";"INSERT INTO flights_prices (id, origin, destination, month_num, day_of_month, price)  VALUES(73,'Berlin','Warsaw','August',12,175);"
74;Berlin;Warsaw;August;13;175;;INSERT INTO flights_prices (id, origin, destination, month_num, day_of_month, price)  VALUES(;';,;");";"INSERT INTO flights_prices (id, origin, destination, month_num, day_of_month, price)  VALUES(74,'Berlin','Warsaw','August',13,175);"
75;Berlin;Warsaw;August;14;175;;INSERT INTO flights_prices (id, origin, destination, month_num, day_of_month, price)  VALUES(;';,;");";"INSERT INTO flights_prices (id, origin, destination, month_num, day_of_month, price)  VALUES(75,'Berlin','Warsaw','August',14,175);"
76;Berlin;Warsaw;August;15;175;;INSERT INTO flights_prices (id, origin, destination, month_num, day_of_month, price)  VALUES(;';,;");";"INSERT INTO flights_prices (id, origin, destination, month_num, day_of_month, price)  VALUES(76,'Berlin','Warsaw','August',15,175);"
77;Berlin;Warsaw;August;16;175;;INSERT INTO flights_prices (id, origin, destination, month_num, day_of_month, price)  VALUES(;';,;");";"INSERT INTO flights_prices (id, origin, destination, month_num, day_of_month, price)  VALUES(77,'Berlin','Warsaw','August',16,175);"
78;Berlin;Warsaw;August;17;175;;INSERT INTO flights_prices (id, origin, destination, month_num, day_of_month, price)  VALUES(;';,;");";"INSERT INTO flights_prices (id, origin, destination, month_num, day_of_month, price)  VALUES(78,'Berlin','Warsaw','August',17,175);"
79;Berlin;Warsaw;August;18;175;;INSERT INTO flights_prices (id, origin, destination, month_num, day_of_month, price)  VALUES(;';,;");";"INSERT INTO flights_prices (id, origin, destination, month_num, day_of_month, price)  VALUES(79,'Berlin','Warsaw','August',18,175);"
80;Berlin;Warsaw;August;19;175;;INSERT INTO flights_prices (id, origin, destination, month_num, day_of_month, price)  VALUES(;';,;");";"INSERT INTO flights_prices (id, origin, destination, month_num, day_of_month, price)  VALUES(80,'Berlin','Warsaw','August',19,175);"
81;Berlin;Warsaw;August;20;175;;INSERT INTO flights_prices (id, origin, destination, month_num, day_of_month, price)  VALUES(;';,;");";"INSERT INTO flights_prices (id, origin, destination, month_num, day_of_month, price)  VALUES(81,'Berlin','Warsaw','August',20,175);"
82;Berlin;Warsaw;August;21;175;;INSERT INTO flights_prices (id, origin, destination, month_num, day_of_month, price)  VALUES(;';,;");";"INSERT INTO flights_prices (id, origin, destination, month_num, day_of_month, price)  VALUES(82,'Berlin','Warsaw','August',21,175);"
83;Berlin;Warsaw;August;22;175;;INSERT INTO flights_prices (id, origin, destination, month_num, day_of_month, price)  VALUES(;';,;");";"INSERT INTO flights_prices (id, origin, destination, month_num, day_of_month, price)  VALUES(83,'Berlin','Warsaw','August',22,175);"
84;Berlin;Warsaw;August;23;175;;INSERT INTO flights_prices (id, origin, destination, month_num, day_of_month, price)  VALUES(;';,;");";"INSERT INTO flights_prices (id, origin, destination, month_num, day_of_month, price)  VALUES(84,'Berlin','Warsaw','August',23,175);"
85;Berlin;Warsaw;August;24;175;;INSERT INTO flights_prices (id, origin, destination, month_num, day_of_month, price)  VALUES(;';,;");";"INSERT INTO flights_prices (id, origin, destination, month_num, day_of_month, price)  VALUES(85,'Berlin','Warsaw','August',24,175);"
86;Berlin;Warsaw;August;25;175;;INSERT INTO flights_prices (id, origin, destination, month_num, day_of_month, price)  VALUES(;';,;");";"INSERT INTO flights_prices (id, origin, destination, month_num, day_of_month, price)  VALUES(86,'Berlin','Warsaw','August',25,175);"
87;Berlin;Warsaw;August;26;175;;INSERT INTO flights_prices (id, origin, destination, month_num, day_of_month, price)  VALUES(;';,;");";"INSERT INTO flights_prices (id, origin, destination, month_num, day_of_month, price)  VALUES(87,'Berlin','Warsaw','August',26,175);"
88;Berlin;Warsaw;August;27;175;;INSERT INTO flights_prices (id, origin, destination, month_num, day_of_month, price)  VALUES(;';,;");";"INSERT INTO flights_prices (id, origin, destination, month_num, day_of_month, price)  VALUES(88,'Berlin','Warsaw','August',27,175);"
89;Berlin;Warsaw;August;28;175;;INSERT INTO flights_prices (id, origin, destination, month_num, day_of_month, price)  VALUES(;';,;");";"INSERT INTO flights_prices (id, origin, destination, month_num, day_of_month, price)  VALUES(89,'Berlin','Warsaw','August',28,175);"
90;Berlin;Warsaw;August;29;175;;INSERT INTO flights_prices (id, origin, destination, month_num, day_of_month, price)  VALUES(;';,;");";"INSERT INTO flights_prices (id, origin, destination, month_num, day_of_month, price)  VALUES(90,'Berlin','Warsaw','August',29,175);"
91;Berlin;Warsaw;August;30;175;;INSERT INTO flights_prices (id, origin, destination, month_num, day_of_month, price)  VALUES(;';,;");";"INSERT INTO flights_prices (id, origin, destination, month_num, day_of_month, price)  VALUES(91,'Berlin','Warsaw','August',30,175);"
92;Berlin;Warsaw;August;31;175;;INSERT INTO flights_prices (id, origin, destination, month_num, day_of_month, price)  VALUES(;';,;");";"INSERT INTO flights_prices (id, origin, destination, month_num, day_of_month, price)  VALUES(92,'Berlin','Warsaw','August',31,175);"
93;Berlin;Warsaw;September;1;175;;INSERT INTO flights_prices (id, origin, destination, month_num, day_of_month, price)  VALUES(;';,;");";"INSERT INTO flights_prices (id, origin, destination, month_num, day_of_month, price)  VALUES(93,'Berlin','Warsaw','September',1,175);"
94;Berlin;Warsaw;September;2;196;;INSERT INTO flights_prices (id, origin, destination, month_num, day_of_month, price)  VALUES(;';,;");";"INSERT INTO flights_prices (id, origin, destination, month_num, day_of_month, price)  VALUES(94,'Berlin','Warsaw','September',2,196);"
95;Berlin;Warsaw;September;3;175;;INSERT INTO flights_prices (id, origin, destination, month_num, day_of_month, price)  VALUES(;';,;");";"INSERT INTO flights_prices (id, origin, destination, month_num, day_of_month, price)  VALUES(95,'Berlin','Warsaw','September',3,175);"
96;Berlin;Warsaw;September;4;175;;INSERT INTO flights_prices (id, origin, destination, month_num, day_of_month, price)  VALUES(;';,;");";"INSERT INTO flights_prices (id, origin, destination, month_num, day_of_month, price)  VALUES(96,'Berlin','Warsaw','September',4,175);"
97;Berlin;Warsaw;September;5;175;;INSERT INTO flights_prices (id, origin, destination, month_num, day_of_month, price)  VALUES(;';,;");";"INSERT INTO flights_prices (id, origin, destination, month_num, day_of_month, price)  VALUES(97,'Berlin','Warsaw','September',5,175);"
98;Berlin;Warsaw;September;6;175;;INSERT INTO flights_prices (id, origin, destination, month_num, day_of_month, price)  VALUES(;';,;");";"INSERT INTO flights_prices (id, origin, destination, month_num, day_of_month, price)  VALUES(98,'Berlin','Warsaw','September',6,175);"
99;Berlin;Warsaw;September;7;175;;INSERT INTO flights_prices (id, origin, destination, month_num, day_of_month, price)  VALUES(;';,;");";"INSERT INTO flights_prices (id, origin, destination, month_num, day_of_month, price)  VALUES(99,'Berlin','Warsaw','September',7,175);"
100;Berlin;Warsaw;September;8;175;;INSERT INTO flights_prices (id, origin, destination, month_num, day_of_month, price)  VALUES(;';,;");";"INSERT INTO flights_prices (id, origin, destination, month_num, day_of_month, price)  VALUES(100,'Berlin','Warsaw','September',8,175);"
101;Berlin;Warsaw;September;9;175;;INSERT INTO flights_prices (id, origin, destination, month_num, day_of_month, price)  VALUES(;';,;");";"INSERT INTO flights_prices (id, origin, destination, month_num, day_of_month, price)  VALUES(101,'Berlin','Warsaw','September',9,175);"
102;Berlin;Warsaw;September;10;175;;INSERT INTO flights_prices (id, origin, destination, month_num, day_of_month, price)  VALUES(;';,;");";"INSERT INTO flights_prices (id, origin, destination, month_num, day_of_month, price)  VALUES(102,'Berlin','Warsaw','September',10,175);"
103;Berlin;Warsaw;September;11;175;;INSERT INTO flights_prices (id, origin, destination, month_num, day_of_month, price)  VALUES(;';,;");";"INSERT INTO flights_prices (id, origin, destination, month_num, day_of_month, price)  VALUES(103,'Berlin','Warsaw','September',11,175);"
104;Berlin;Warsaw;September;12;175;;INSERT INTO flights_prices (id, origin, destination, month_num, day_of_month, price)  VALUES(;';,;");";"INSERT INTO flights_prices (id, origin, destination, month_num, day_of_month, price)  VALUES(104,'Berlin','Warsaw','September',12,175);"
105;Berlin;Warsaw;September;13;175;;INSERT INTO flights_prices (id, origin, destination, month_num, day_of_month, price)  VALUES(;';,;");";"INSERT INTO flights_prices (id, origin, destination, month_num, day_of_month, price)  VALUES(105,'Berlin','Warsaw','September',13,175);"
106;Berlin;Warsaw;September;14;175;;INSERT INTO flights_prices (id, origin, destination, month_num, day_of_month, price)  VALUES(;';,;");";"INSERT INTO flights_prices (id, origin, destination, month_num, day_of_month, price)  VALUES(106,'Berlin','Warsaw','September',14,175);"
107;Berlin;Warsaw;September;15;175;;INSERT INTO flights_prices (id, origin, destination, month_num, day_of_month, price)  VALUES(;';,;");";"INSERT INTO flights_prices (id, origin, destination, month_num, day_of_month, price)  VALUES(107,'Berlin','Warsaw','September',15,175);"
108;Berlin;Warsaw;September;16;175;;INSERT INTO flights_prices (id, origin, destination, month_num, day_of_month, price)  VALUES(;';,;");";"INSERT INTO flights_prices (id, origin, destination, month_num, day_of_month, price)  VALUES(108,'Berlin','Warsaw','September',16,175);"
109;Berlin;Warsaw;September;17;175;;INSERT INTO flights_prices (id, origin, destination, month_num, day_of_month, price)  VALUES(;';,;");";"INSERT INTO flights_prices (id, origin, destination, month_num, day_of_month, price)  VALUES(109,'Berlin','Warsaw','September',17,175);"
110;Berlin;Warsaw;September;18;175;;INSERT INTO flights_prices (id, origin, destination, month_num, day_of_month, price)  VALUES(;';,;");";"INSERT INTO flights_prices (id, origin, destination, month_num, day_of_month, price)  VALUES(110,'Berlin','Warsaw','September',18,175);"
111;Berlin;Warsaw;September;19;175;;INSERT INTO flights_prices (id, origin, destination, month_num, day_of_month, price)  VALUES(;';,;");";"INSERT INTO flights_prices (id, origin, destination, month_num, day_of_month, price)  VALUES(111,'Berlin','Warsaw','September',19,175);"
112;Berlin;Warsaw;September;20;175;;INSERT INTO flights_prices (id, origin, destination, month_num, day_of_month, price)  VALUES(;';,;");";"INSERT INTO flights_prices (id, origin, destination, month_num, day_of_month, price)  VALUES(112,'Berlin','Warsaw','September',20,175);"
113;Berlin;Warsaw;September;21;175;;INSERT INTO flights_prices (id, origin, destination, month_num, day_of_month, price)  VALUES(;';,;");";"INSERT INTO flights_prices (id, origin, destination, month_num, day_of_month, price)  VALUES(113,'Berlin','Warsaw','September',21,175);"
114;Berlin;Warsaw;September;22;175;;INSERT INTO flights_prices (id, origin, destination, month_num, day_of_month, price)  VALUES(;';,;");";"INSERT INTO flights_prices (id, origin, destination, month_num, day_of_month, price)  VALUES(114,'Berlin','Warsaw','September',22,175);"
115;Berlin;Warsaw;September;23;175;;INSERT INTO flights_prices (id, origin, destination, month_num, day_of_month, price)  VALUES(;';,;");";"INSERT INTO flights_prices (id, origin, destination, month_num, day_of_month, price)  VALUES(115,'Berlin','Warsaw','September',23,175);"
116;Berlin;Warsaw;September;24;175;;INSERT INTO flights_prices (id, origin, destination, month_num, day_of_month, price)  VALUES(;';,;");";"INSERT INTO flights_prices (id, origin, destination, month_num, day_of_month, price)  VALUES(116,'Berlin','Warsaw','September',24,175);"
117;Berlin;Warsaw;September;25;175;;INSERT INTO flights_prices (id, origin, destination, month_num, day_of_month, price)  VALUES(;';,;");";"INSERT INTO flights_prices (id, origin, destination, month_num, day_of_month, price)  VALUES(117,'Berlin','Warsaw','September',25,175);"
118;Berlin;Warsaw;September;26;175;;INSERT INTO flights_prices (id, origin, destination, month_num, day_of_month, price)  VALUES(;';,;");";"INSERT INTO flights_prices (id, origin, destination, month_num, day_of_month, price)  VALUES(118,'Berlin','Warsaw','September',26,175);"
119;Berlin;Warsaw;September;27;175;;INSERT INTO flights_prices (id, origin, destination, month_num, day_of_month, price)  VALUES(;';,;");";"INSERT INTO flights_prices (id, origin, destination, month_num, day_of_month, price)  VALUES(119,'Berlin','Warsaw','September',27,175);"
120;Berlin;Warsaw;September;28;175;;INSERT INTO flights_prices (id, origin, destination, month_num, day_of_month, price)  VALUES(;';,;");";"INSERT INTO flights_prices (id, origin, destination, month_num, day_of_month, price)  VALUES(120,'Berlin','Warsaw','September',28,175);"
121;Berlin;Warsaw;September;29;175;;INSERT INTO flights_prices (id, origin, destination, month_num, day_of_month, price)  VALUES(;';,;");";"INSERT INTO flights_prices (id, origin, destination, month_num, day_of_month, price)  VALUES(121,'Berlin','Warsaw','September',29,175);"
122;Berlin;Warsaw;September;30;175;;INSERT INTO flights_prices (id, origin, destination, month_num, day_of_month, price)  VALUES(;';,;");";"INSERT INTO flights_prices (id, origin, destination, month_num, day_of_month, price)  VALUES(122,'Berlin','Warsaw','September',30,175);"
123;London;Amsterdam;August;1;125;;INSERT INTO flights_prices (id, origin, destination, month_num, day_of_month, price)  VALUES(;';,;");";"INSERT INTO flights_prices (id, origin, destination, month_num, day_of_month, price)  VALUES(123,'London','Amsterdam','August',1,125);"
124;London;Amsterdam;August;2;106;;INSERT INTO flights_prices (id, origin, destination, month_num, day_of_month, price)  VALUES(;';,;");";"INSERT INTO flights_prices (id, origin, destination, month_num, day_of_month, price)  VALUES(124,'London','Amsterdam','August',2,106);"
125;London;Amsterdam;August;3;126;;INSERT INTO flights_prices (id, origin, destination, month_num, day_of_month, price)  VALUES(;';,;");";"INSERT INTO flights_prices (id, origin, destination, month_num, day_of_month, price)  VALUES(125,'London','Amsterdam','August',3,126);"
126;London;Amsterdam;August;4;103;;INSERT INTO flights_prices (id, origin, destination, month_num, day_of_month, price)  VALUES(;';,;");";"INSERT INTO flights_prices (id, origin, destination, month_num, day_of_month, price)  VALUES(126,'London','Amsterdam','August',4,103);"
127;London;Amsterdam;August;5;85;;INSERT INTO flights_prices (id, origin, destination, month_num, day_of_month, price)  VALUES(;';,;");";"INSERT INTO flights_prices (id, origin, destination, month_num, day_of_month, price)  VALUES(127,'London','Amsterdam','August',5,85);"
128;London;Amsterdam;August;6;62;;INSERT INTO flights_prices (id, origin, destination, month_num, day_of_month, price)  VALUES(;';,;");";"INSERT INTO flights_prices (id, origin, destination, month_num, day_of_month, price)  VALUES(128,'London','Amsterdam','August',6,62);"
129;London;Amsterdam;August;7;53;;INSERT INTO flights_prices (id, origin, destination, month_num, day_of_month, price)  VALUES(;';,;");";"INSERT INTO flights_prices (id, origin, destination, month_num, day_of_month, price)  VALUES(129,'London','Amsterdam','August',7,53);"
130;London;Amsterdam;August;8;56;;INSERT INTO flights_prices (id, origin, destination, month_num, day_of_month, price)  VALUES(;';,;");";"INSERT INTO flights_prices (id, origin, destination, month_num, day_of_month, price)  VALUES(130,'London','Amsterdam','August',8,56);"
131;London;Amsterdam;August;9;62;;INSERT INTO flights_prices (id, origin, destination, month_num, day_of_month, price)  VALUES(;';,;");";"INSERT INTO flights_prices (id, origin, destination, month_num, day_of_month, price)  VALUES(131,'London','Amsterdam','August',9,62);"
132;London;Amsterdam;August;10;93;;INSERT INTO flights_prices (id, origin, destination, month_num, day_of_month, price)  VALUES(;';,;");";"INSERT INTO flights_prices (id, origin, destination, month_num, day_of_month, price)  VALUES(132,'London','Amsterdam','August',10,93);"
133;London;Amsterdam;August;11;66;;INSERT INTO flights_prices (id, origin, destination, month_num, day_of_month, price)  VALUES(;';,;");";"INSERT INTO flights_prices (id, origin, destination, month_num, day_of_month, price)  VALUES(133,'London','Amsterdam','August',11,66);"
134;London;Amsterdam;August;12;62;;INSERT INTO flights_prices (id, origin, destination, month_num, day_of_month, price)  VALUES(;';,;");";"INSERT INTO flights_prices (id, origin, destination, month_num, day_of_month, price)  VALUES(134,'London','Amsterdam','August',12,62);"
135;London;Amsterdam;August;13;54;;INSERT INTO flights_prices (id, origin, destination, month_num, day_of_month, price)  VALUES(;';,;");";"INSERT INTO flights_prices (id, origin, destination, month_num, day_of_month, price)  VALUES(135,'London','Amsterdam','August',13,54);"
136;London;Amsterdam;August;14;44;;INSERT INTO flights_prices (id, origin, destination, month_num, day_of_month, price)  VALUES(;';,;");";"INSERT INTO flights_prices (id, origin, destination, month_num, day_of_month, price)  VALUES(136,'London','Amsterdam','August',14,44);"
137;London;Amsterdam;August;15;46;;INSERT INTO flights_prices (id, origin, destination, month_num, day_of_month, price)  VALUES(;';,;");";"INSERT INTO flights_prices (id, origin, destination, month_num, day_of_month, price)  VALUES(137,'London','Amsterdam','August',15,46);"
138;London;Amsterdam;August;16;58;;INSERT INTO flights_prices (id, origin, destination, month_num, day_of_month, price)  VALUES(;';,;");";"INSERT INTO flights_prices (id, origin, destination, month_num, day_of_month, price)  VALUES(138,'London','Amsterdam','August',16,58);"
139;London;Amsterdam;August;17;79;;INSERT INTO flights_prices (id, origin, destination, month_num, day_of_month, price)  VALUES(;';,;");";"INSERT INTO flights_prices (id, origin, destination, month_num, day_of_month, price)  VALUES(139,'London','Amsterdam','August',17,79);"
140;London;Amsterdam;August;18;56;;INSERT INTO flights_prices (id, origin, destination, month_num, day_of_month, price)  VALUES(;';,;");";"INSERT INTO flights_prices (id, origin, destination, month_num, day_of_month, price)  VALUES(140,'London','Amsterdam','August',18,56);"
141;London;Amsterdam;August;19;74;;INSERT INTO flights_prices (id, origin, destination, month_num, day_of_month, price)  VALUES(;';,;");";"INSERT INTO flights_prices (id, origin, destination, month_num, day_of_month, price)  VALUES(141,'London','Amsterdam','August',19,74);"
142;London;Amsterdam;August;20;51;;INSERT INTO flights_prices (id, origin, destination, month_num, day_of_month, price)  VALUES(;';,;");";"INSERT INTO flights_prices (id, origin, destination, month_num, day_of_month, price)  VALUES(142,'London','Amsterdam','August',20,51);"
143;London;Amsterdam;August;21;46;;INSERT INTO flights_prices (id, origin, destination, month_num, day_of_month, price)  VALUES(;';,;");";"INSERT INTO flights_prices (id, origin, destination, month_num, day_of_month, price)  VALUES(143,'London','Amsterdam','August',21,46);"
144;London;Amsterdam;August;22;44;;INSERT INTO flights_prices (id, origin, destination, month_num, day_of_month, price)  VALUES(;';,;");";"INSERT INTO flights_prices (id, origin, destination, month_num, day_of_month, price)  VALUES(144,'London','Amsterdam','August',22,44);"
145;London;Amsterdam;August;23;57;;INSERT INTO flights_prices (id, origin, destination, month_num, day_of_month, price)  VALUES(;';,;");";"INSERT INTO flights_prices (id, origin, destination, month_num, day_of_month, price)  VALUES(145,'London','Amsterdam','August',23,57);"
146;London;Amsterdam;August;24;86;;INSERT INTO flights_prices (id, origin, destination, month_num, day_of_month, price)  VALUES(;';,;");";"INSERT INTO flights_prices (id, origin, destination, month_num, day_of_month, price)  VALUES(146,'London','Amsterdam','August',24,86);"
147;London;Amsterdam;August;25;64;;INSERT INTO flights_prices (id, origin, destination, month_num, day_of_month, price)  VALUES(;';,;");";"INSERT INTO flights_prices (id, origin, destination, month_num, day_of_month, price)  VALUES(147,'London','Amsterdam','August',25,64);"
148;London;Amsterdam;August;26;47;;INSERT INTO flights_prices (id, origin, destination, month_num, day_of_month, price)  VALUES(;';,;");";"INSERT INTO flights_prices (id, origin, destination, month_num, day_of_month, price)  VALUES(148,'London','Amsterdam','August',26,47);"
149;London;Amsterdam;August;27;37;;INSERT INTO flights_prices (id, origin, destination, month_num, day_of_month, price)  VALUES(;';,;");";"INSERT INTO flights_prices (id, origin, destination, month_num, day_of_month, price)  VALUES(149,'London','Amsterdam','August',27,37);"
150;London;Amsterdam;August;28;49;;INSERT INTO flights_prices (id, origin, destination, month_num, day_of_month, price)  VALUES(;';,;");";"INSERT INTO flights_prices (id, origin, destination, month_num, day_of_month, price)  VALUES(150,'London','Amsterdam','August',28,49);"
151;London;Amsterdam;August;29;30;;INSERT INTO flights_prices (id, origin, destination, month_num, day_of_month, price)  VALUES(;';,;");";"INSERT INTO flights_prices (id, origin, destination, month_num, day_of_month, price)  VALUES(151,'London','Amsterdam','August',29,30);"
152;London;Amsterdam;August;30;35;;INSERT INTO flights_prices (id, origin, destination, month_num, day_of_month, price)  VALUES(;';,;");";"INSERT INTO flights_prices (id, origin, destination, month_num, day_of_month, price)  VALUES(152,'London','Amsterdam','August',30,35);"
153;London;Amsterdam;August;31;46;;INSERT INTO flights_prices (id, origin, destination, month_num, day_of_month, price)  VALUES(;';,;");";"INSERT INTO flights_prices (id, origin, destination, month_num, day_of_month, price)  VALUES(153,'London','Amsterdam','August',31,46);"
154;London;Amsterdam;September;1;41;;INSERT INTO flights_prices (id, origin, destination, month_num, day_of_month, price)  VALUES(;';,;");";"INSERT INTO flights_prices (id, origin, destination, month_num, day_of_month, price)  VALUES(154,'London','Amsterdam','September',1,41);"
155;London;Amsterdam;September;2;39;;INSERT INTO flights_prices (id, origin, destination, month_num, day_of_month, price)  VALUES(;';,;");";"INSERT INTO flights_prices (id, origin, destination, month_num, day_of_month, price)  VALUES(155,'London','Amsterdam','September',2,39);"
156;London;Amsterdam;September;3;23;;INSERT INTO flights_prices (id, origin, destination, month_num, day_of_month, price)  VALUES(;';,;");";"INSERT INTO flights_prices (id, origin, destination, month_num, day_of_month, price)  VALUES(156,'London','Amsterdam','September',3,23);"
157;London;Amsterdam;September;4;24;;INSERT INTO flights_prices (id, origin, destination, month_num, day_of_month, price)  VALUES(;';,;");";"INSERT INTO flights_prices (id, origin, destination, month_num, day_of_month, price)  VALUES(157,'London','Amsterdam','September',4,24);"
158;London;Amsterdam;September;5;24;;INSERT INTO flights_prices (id, origin, destination, month_num, day_of_month, price)  VALUES(;';,;");";"INSERT INTO flights_prices (id, origin, destination, month_num, day_of_month, price)  VALUES(158,'London','Amsterdam','September',5,24);"
159;London;Amsterdam;September;6;24;;INSERT INTO flights_prices (id, origin, destination, month_num, day_of_month, price)  VALUES(;';,;");";"INSERT INTO flights_prices (id, origin, destination, month_num, day_of_month, price)  VALUES(159,'London','Amsterdam','September',6,24);"
160;London;Amsterdam;September;7;46;;INSERT INTO flights_prices (id, origin, destination, month_num, day_of_month, price)  VALUES(;';,;");";"INSERT INTO flights_prices (id, origin, destination, month_num, day_of_month, price)  VALUES(160,'London','Amsterdam','September',7,46);"
161;London;Amsterdam;September;8;24;;INSERT INTO flights_prices (id, origin, destination, month_num, day_of_month, price)  VALUES(;';,;");";"INSERT INTO flights_prices (id, origin, destination, month_num, day_of_month, price)  VALUES(161,'London','Amsterdam','September',8,24);"
162;London;Amsterdam;September;9;24;;INSERT INTO flights_prices (id, origin, destination, month_num, day_of_month, price)  VALUES(;';,;");";"INSERT INTO flights_prices (id, origin, destination, month_num, day_of_month, price)  VALUES(162,'London','Amsterdam','September',9,24);"
163;London;Amsterdam;September;10;23;;INSERT INTO flights_prices (id, origin, destination, month_num, day_of_month, price)  VALUES(;';,;");";"INSERT INTO flights_prices (id, origin, destination, month_num, day_of_month, price)  VALUES(163,'London','Amsterdam','September',10,23);"
164;London;Amsterdam;September;11;24;;INSERT INTO flights_prices (id, origin, destination, month_num, day_of_month, price)  VALUES(;';,;");";"INSERT INTO flights_prices (id, origin, destination, month_num, day_of_month, price)  VALUES(164,'London','Amsterdam','September',11,24);"
165;London;Amsterdam;September;12;24;;INSERT INTO flights_prices (id, origin, destination, month_num, day_of_month, price)  VALUES(;';,;");";"INSERT INTO flights_prices (id, origin, destination, month_num, day_of_month, price)  VALUES(165,'London','Amsterdam','September',12,24);"
166;London;Amsterdam;September;13;35;;INSERT INTO flights_prices (id, origin, destination, month_num, day_of_month, price)  VALUES(;';,;");";"INSERT INTO flights_prices (id, origin, destination, month_num, day_of_month, price)  VALUES(166,'London','Amsterdam','September',13,35);"
167;London;Amsterdam;September;14;41;;INSERT INTO flights_prices (id, origin, destination, month_num, day_of_month, price)  VALUES(;';,;");";"INSERT INTO flights_prices (id, origin, destination, month_num, day_of_month, price)  VALUES(167,'London','Amsterdam','September',14,41);"
168;London;Amsterdam;September;15;31;;INSERT INTO flights_prices (id, origin, destination, month_num, day_of_month, price)  VALUES(;';,;");";"INSERT INTO flights_prices (id, origin, destination, month_num, day_of_month, price)  VALUES(168,'London','Amsterdam','September',15,31);"
169;London;Amsterdam;September;16;29;;INSERT INTO flights_prices (id, origin, destination, month_num, day_of_month, price)  VALUES(;';,;");";"INSERT INTO flights_prices (id, origin, destination, month_num, day_of_month, price)  VALUES(169,'London','Amsterdam','September',16,29);"
170;London;Amsterdam;September;17;23;;INSERT INTO flights_prices (id, origin, destination, month_num, day_of_month, price)  VALUES(;';,;");";"INSERT INTO flights_prices (id, origin, destination, month_num, day_of_month, price)  VALUES(170,'London','Amsterdam','September',17,23);"
171;London;Amsterdam;September;18;24;;INSERT INTO flights_prices (id, origin, destination, month_num, day_of_month, price)  VALUES(;';,;");";"INSERT INTO flights_prices (id, origin, destination, month_num, day_of_month, price)  VALUES(171,'London','Amsterdam','September',18,24);"
172;London;Amsterdam;September;19;24;;INSERT INTO flights_prices (id, origin, destination, month_num, day_of_month, price)  VALUES(;';,;");";"INSERT INTO flights_prices (id, origin, destination, month_num, day_of_month, price)  VALUES(172,'London','Amsterdam','September',19,24);"
173;London;Amsterdam;September;20;23;;INSERT INTO flights_prices (id, origin, destination, month_num, day_of_month, price)  VALUES(;';,;");";"INSERT INTO flights_prices (id, origin, destination, month_num, day_of_month, price)  VALUES(173,'London','Amsterdam','September',20,23);"
174;London;Amsterdam;September;21;46;;INSERT INTO flights_prices (id, origin, destination, month_num, day_of_month, price)  VALUES(;';,;");";"INSERT INTO flights_prices (id, origin, destination, month_num, day_of_month, price)  VALUES(174,'London','Amsterdam','September',21,46);"
175;London;Amsterdam;September;22;24;;INSERT INTO flights_prices (id, origin, destination, month_num, day_of_month, price)  VALUES(;';,;");";"INSERT INTO flights_prices (id, origin, destination, month_num, day_of_month, price)  VALUES(175,'London','Amsterdam','September',22,24);"
176;London;Amsterdam;September;23;27;;INSERT INTO flights_prices (id, origin, destination, month_num, day_of_month, price)  VALUES(;';,;");";"INSERT INTO flights_prices (id, origin, destination, month_num, day_of_month, price)  VALUES(176,'London','Amsterdam','September',23,27);"
177;London;Amsterdam;September;24;24;;INSERT INTO flights_prices (id, origin, destination, month_num, day_of_month, price)  VALUES(;';,;");";"INSERT INTO flights_prices (id, origin, destination, month_num, day_of_month, price)  VALUES(177,'London','Amsterdam','September',24,24);"
178;London;Amsterdam;September;25;24;;INSERT INTO flights_prices (id, origin, destination, month_num, day_of_month, price)  VALUES(;';,;");";"INSERT INTO flights_prices (id, origin, destination, month_num, day_of_month, price)  VALUES(178,'London','Amsterdam','September',25,24);"
179;London;Amsterdam;September;26;24;;INSERT INTO flights_prices (id, origin, destination, month_num, day_of_month, price)  VALUES(;';,;");";"INSERT INTO flights_prices (id, origin, destination, month_num, day_of_month, price)  VALUES(179,'London','Amsterdam','September',26,24);"
180;London;Amsterdam;September;27;24;;INSERT INTO flights_prices (id, origin, destination, month_num, day_of_month, price)  VALUES(;';,;");";"INSERT INTO flights_prices (id, origin, destination, month_num, day_of_month, price)  VALUES(180,'London','Amsterdam','September',27,24);"
181;London;Amsterdam;September;28;48;;INSERT INTO flights_prices (id, origin, destination, month_num, day_of_month, price)  VALUES(;';,;");";"INSERT INTO flights_prices (id, origin, destination, month_num, day_of_month, price)  VALUES(181,'London','Amsterdam','September',28,48);"
182;London;Amsterdam;September;29;24;;INSERT INTO flights_prices (id, origin, destination, month_num, day_of_month, price)  VALUES(;';,;");";"INSERT INTO flights_prices (id, origin, destination, month_num, day_of_month, price)  VALUES(182,'London','Amsterdam','September',29,24);"
183;London;Amsterdam;September;30;24;;INSERT INTO flights_prices (id, origin, destination, month_num, day_of_month, price)  VALUES(;';,;");";"INSERT INTO flights_prices (id, origin, destination, month_num, day_of_month, price)  VALUES(183,'London','Amsterdam','September',30,24);"
184;London;Marseille;August;1;125;;INSERT INTO flights_prices (id, origin, destination, month_num, day_of_month, price)  VALUES(;';,;");";"INSERT INTO flights_prices (id, origin, destination, month_num, day_of_month, price)  VALUES(184,'London','Marseille','August',1,125);"
185;London;Marseille;August;2;457;;INSERT INTO flights_prices (id, origin, destination, month_num, day_of_month, price)  VALUES(;';,;");";"INSERT INTO flights_prices (id, origin, destination, month_num, day_of_month, price)  VALUES(185,'London','Marseille','August',2,457);"
186;London;Marseille;August;3;172;;INSERT INTO flights_prices (id, origin, destination, month_num, day_of_month, price)  VALUES(;';,;");";"INSERT INTO flights_prices (id, origin, destination, month_num, day_of_month, price)  VALUES(186,'London','Marseille','August',3,172);"
187;London;Marseille;August;4;221;;INSERT INTO flights_prices (id, origin, destination, month_num, day_of_month, price)  VALUES(;';,;");";"INSERT INTO flights_prices (id, origin, destination, month_num, day_of_month, price)  VALUES(187,'London','Marseille','August',4,221);"
188;London;Marseille;August;5;115;;INSERT INTO flights_prices (id, origin, destination, month_num, day_of_month, price)  VALUES(;';,;");";"INSERT INTO flights_prices (id, origin, destination, month_num, day_of_month, price)  VALUES(188,'London','Marseille','August',5,115);"
189;London;Marseille;August;6;72;;INSERT INTO flights_prices (id, origin, destination, month_num, day_of_month, price)  VALUES(;';,;");";"INSERT INTO flights_prices (id, origin, destination, month_num, day_of_month, price)  VALUES(189,'London','Marseille','August',6,72);"
190;London;Marseille;August;7;46;;INSERT INTO flights_prices (id, origin, destination, month_num, day_of_month, price)  VALUES(;';,;");";"INSERT INTO flights_prices (id, origin, destination, month_num, day_of_month, price)  VALUES(190,'London','Marseille','August',7,46);"
191;London;Marseille;August;8;46;;INSERT INTO flights_prices (id, origin, destination, month_num, day_of_month, price)  VALUES(;';,;");";"INSERT INTO flights_prices (id, origin, destination, month_num, day_of_month, price)  VALUES(191,'London','Marseille','August',8,46);"
192;London;Marseille;August;9;175;;INSERT INTO flights_prices (id, origin, destination, month_num, day_of_month, price)  VALUES(;';,;");";"INSERT INTO flights_prices (id, origin, destination, month_num, day_of_month, price)  VALUES(192,'London','Marseille','August',9,175);"
193;London;Marseille;August;10;155;;INSERT INTO flights_prices (id, origin, destination, month_num, day_of_month, price)  VALUES(;';,;");";"INSERT INTO flights_prices (id, origin, destination, month_num, day_of_month, price)  VALUES(193,'London','Marseille','August',10,155);"
194;London;Marseille;August;11;175;;INSERT INTO flights_prices (id, origin, destination, month_num, day_of_month, price)  VALUES(;';,;");";"INSERT INTO flights_prices (id, origin, destination, month_num, day_of_month, price)  VALUES(194,'London','Marseille','August',11,175);"
195;London;Marseille;August;12;114;;INSERT INTO flights_prices (id, origin, destination, month_num, day_of_month, price)  VALUES(;';,;");";"INSERT INTO flights_prices (id, origin, destination, month_num, day_of_month, price)  VALUES(195,'London','Marseille','August',12,114);"
196;London;Marseille;August;13;72;;INSERT INTO flights_prices (id, origin, destination, month_num, day_of_month, price)  VALUES(;';,;");";"INSERT INTO flights_prices (id, origin, destination, month_num, day_of_month, price)  VALUES(196,'London','Marseille','August',13,72);"
197;London;Marseille;August;14;89;;INSERT INTO flights_prices (id, origin, destination, month_num, day_of_month, price)  VALUES(;';,;");";"INSERT INTO flights_prices (id, origin, destination, month_num, day_of_month, price)  VALUES(197,'London','Marseille','August',14,89);"
198;London;Marseille;August;15;46;;INSERT INTO flights_prices (id, origin, destination, month_num, day_of_month, price)  VALUES(;';,;");";"INSERT INTO flights_prices (id, origin, destination, month_num, day_of_month, price)  VALUES(198,'London','Marseille','August',15,46);"
199;London;Marseille;August;16;113;;INSERT INTO flights_prices (id, origin, destination, month_num, day_of_month, price)  VALUES(;';,;");";"INSERT INTO flights_prices (id, origin, destination, month_num, day_of_month, price)  VALUES(199,'London','Marseille','August',16,113);"
200;London;Marseille;August;17;89;;INSERT INTO flights_prices (id, origin, destination, month_num, day_of_month, price)  VALUES(;';,;");";"INSERT INTO flights_prices (id, origin, destination, month_num, day_of_month, price)  VALUES(200,'London','Marseille','August',17,89);"
201;London;Marseille;August;18;141;;INSERT INTO flights_prices (id, origin, destination, month_num, day_of_month, price)  VALUES(;';,;");";"INSERT INTO flights_prices (id, origin, destination, month_num, day_of_month, price)  VALUES(201,'London','Marseille','August',18,141);"
202;London;Marseille;August;19;96;;INSERT INTO flights_prices (id, origin, destination, month_num, day_of_month, price)  VALUES(;';,;");";"INSERT INTO flights_prices (id, origin, destination, month_num, day_of_month, price)  VALUES(202,'London','Marseille','August',19,96);"
203;London;Marseille;August;20;75;;INSERT INTO flights_prices (id, origin, destination, month_num, day_of_month, price)  VALUES(;';,;");";"INSERT INTO flights_prices (id, origin, destination, month_num, day_of_month, price)  VALUES(203,'London','Marseille','August',20,75);"
204;London;Marseille;August;21;47;;INSERT INTO flights_prices (id, origin, destination, month_num, day_of_month, price)  VALUES(;';,;");";"INSERT INTO flights_prices (id, origin, destination, month_num, day_of_month, price)  VALUES(204,'London','Marseille','August',21,47);"
205;London;Marseille;August;22;31;;INSERT INTO flights_prices (id, origin, destination, month_num, day_of_month, price)  VALUES(;';,;");";"INSERT INTO flights_prices (id, origin, destination, month_num, day_of_month, price)  VALUES(205,'London','Marseille','August',22,31);"
206;London;Marseille;August;23;157;;INSERT INTO flights_prices (id, origin, destination, month_num, day_of_month, price)  VALUES(;';,;");";"INSERT INTO flights_prices (id, origin, destination, month_num, day_of_month, price)  VALUES(206,'London','Marseille','August',23,157);"
207;London;Marseille;August;24;115;;INSERT INTO flights_prices (id, origin, destination, month_num, day_of_month, price)  VALUES(;';,;");";"INSERT INTO flights_prices (id, origin, destination, month_num, day_of_month, price)  VALUES(207,'London','Marseille','August',24,115);"
208;London;Marseille;August;25;141;;INSERT INTO flights_prices (id, origin, destination, month_num, day_of_month, price)  VALUES(;';,;");";"INSERT INTO flights_prices (id, origin, destination, month_num, day_of_month, price)  VALUES(208,'London','Marseille','August',25,141);"
209;London;Marseille;August;26;100;;INSERT INTO flights_prices (id, origin, destination, month_num, day_of_month, price)  VALUES(;';,;");";"INSERT INTO flights_prices (id, origin, destination, month_num, day_of_month, price)  VALUES(209,'London','Marseille','August',26,100);"
210;London;Marseille;August;27;46;;INSERT INTO flights_prices (id, origin, destination, month_num, day_of_month, price)  VALUES(;';,;");";"INSERT INTO flights_prices (id, origin, destination, month_num, day_of_month, price)  VALUES(210,'London','Marseille','August',27,46);"
211;London;Marseille;August;28;23;;INSERT INTO flights_prices (id, origin, destination, month_num, day_of_month, price)  VALUES(;';,;");";"INSERT INTO flights_prices (id, origin, destination, month_num, day_of_month, price)  VALUES(211,'London','Marseille','August',28,23);"
212;London;Marseille;August;29;18;;INSERT INTO flights_prices (id, origin, destination, month_num, day_of_month, price)  VALUES(;';,;");";"INSERT INTO flights_prices (id, origin, destination, month_num, day_of_month, price)  VALUES(212,'London','Marseille','August',29,18);"
213;London;Marseille;August;30;18;;INSERT INTO flights_prices (id, origin, destination, month_num, day_of_month, price)  VALUES(;';,;");";"INSERT INTO flights_prices (id, origin, destination, month_num, day_of_month, price)  VALUES(213,'London','Marseille','August',30,18);"
214;London;Marseille;August;31;23;;INSERT INTO flights_prices (id, origin, destination, month_num, day_of_month, price)  VALUES(;';,;");";"INSERT INTO flights_prices (id, origin, destination, month_num, day_of_month, price)  VALUES(214,'London','Marseille','August',31,23);"
215;London;Marseille;September;1;46;;INSERT INTO flights_prices (id, origin, destination, month_num, day_of_month, price)  VALUES(;';,;");";"INSERT INTO flights_prices (id, origin, destination, month_num, day_of_month, price)  VALUES(215,'London','Marseille','September',1,46);"
216;London;Marseille;September;2;31;;INSERT INTO flights_prices (id, origin, destination, month_num, day_of_month, price)  VALUES(;';,;");";"INSERT INTO flights_prices (id, origin, destination, month_num, day_of_month, price)  VALUES(216,'London','Marseille','September',2,31);"
217;London;Marseille;September;3;23;;INSERT INTO flights_prices (id, origin, destination, month_num, day_of_month, price)  VALUES(;';,;");";"INSERT INTO flights_prices (id, origin, destination, month_num, day_of_month, price)  VALUES(217,'London','Marseille','September',3,23);"
218;London;Marseille;September;4;18;;INSERT INTO flights_prices (id, origin, destination, month_num, day_of_month, price)  VALUES(;';,;");";"INSERT INTO flights_prices (id, origin, destination, month_num, day_of_month, price)  VALUES(218,'London','Marseille','September',4,18);"
219;London;Marseille;September;5;23;;INSERT INTO flights_prices (id, origin, destination, month_num, day_of_month, price)  VALUES(;';,;");";"INSERT INTO flights_prices (id, origin, destination, month_num, day_of_month, price)  VALUES(219,'London','Marseille','September',5,23);"
220;London;Marseille;September;6;23;;INSERT INTO flights_prices (id, origin, destination, month_num, day_of_month, price)  VALUES(;';,;");";"INSERT INTO flights_prices (id, origin, destination, month_num, day_of_month, price)  VALUES(220,'London','Marseille','September',6,23);"
221;London;Marseille;September;7;31;;INSERT INTO flights_prices (id, origin, destination, month_num, day_of_month, price)  VALUES(;';,;");";"INSERT INTO flights_prices (id, origin, destination, month_num, day_of_month, price)  VALUES(221,'London','Marseille','September',7,31);"
222;London;Marseille;September;8;37;;INSERT INTO flights_prices (id, origin, destination, month_num, day_of_month, price)  VALUES(;';,;");";"INSERT INTO flights_prices (id, origin, destination, month_num, day_of_month, price)  VALUES(222,'London','Marseille','September',8,37);"
223;London;Marseille;September;9;37;;INSERT INTO flights_prices (id, origin, destination, month_num, day_of_month, price)  VALUES(;';,;");";"INSERT INTO flights_prices (id, origin, destination, month_num, day_of_month, price)  VALUES(223,'London','Marseille','September',9,37);"
224;London;Marseille;September;10;18;;INSERT INTO flights_prices (id, origin, destination, month_num, day_of_month, price)  VALUES(;';,;");";"INSERT INTO flights_prices (id, origin, destination, month_num, day_of_month, price)  VALUES(224,'London','Marseille','September',10,18);"
225;London;Marseille;September;11;18;;INSERT INTO flights_prices (id, origin, destination, month_num, day_of_month, price)  VALUES(;';,;");";"INSERT INTO flights_prices (id, origin, destination, month_num, day_of_month, price)  VALUES(225,'London','Marseille','September',11,18);"
226;London;Marseille;September;12;18;;INSERT INTO flights_prices (id, origin, destination, month_num, day_of_month, price)  VALUES(;';,;");";"INSERT INTO flights_prices (id, origin, destination, month_num, day_of_month, price)  VALUES(226,'London','Marseille','September',12,18);"
227;London;Marseille;September;13;23;;INSERT INTO flights_prices (id, origin, destination, month_num, day_of_month, price)  VALUES(;';,;");";"INSERT INTO flights_prices (id, origin, destination, month_num, day_of_month, price)  VALUES(227,'London','Marseille','September',13,23);"
228;London;Marseille;September;14;40;;INSERT INTO flights_prices (id, origin, destination, month_num, day_of_month, price)  VALUES(;';,;");";"INSERT INTO flights_prices (id, origin, destination, month_num, day_of_month, price)  VALUES(228,'London','Marseille','September',14,40);"
229;London;Marseille;September;15;40;;INSERT INTO flights_prices (id, origin, destination, month_num, day_of_month, price)  VALUES(;';,;");";"INSERT INTO flights_prices (id, origin, destination, month_num, day_of_month, price)  VALUES(229,'London','Marseille','September',15,40);"
230;London;Marseille;September;16;31;;INSERT INTO flights_prices (id, origin, destination, month_num, day_of_month, price)  VALUES(;';,;");";"INSERT INTO flights_prices (id, origin, destination, month_num, day_of_month, price)  VALUES(230,'London','Marseille','September',16,31);"
231;London;Marseille;September;17;23;;INSERT INTO flights_prices (id, origin, destination, month_num, day_of_month, price)  VALUES(;';,;");";"INSERT INTO flights_prices (id, origin, destination, month_num, day_of_month, price)  VALUES(231,'London','Marseille','September',17,23);"
232;London;Marseille;September;18;18;;INSERT INTO flights_prices (id, origin, destination, month_num, day_of_month, price)  VALUES(;';,;");";"INSERT INTO flights_prices (id, origin, destination, month_num, day_of_month, price)  VALUES(232,'London','Marseille','September',18,18);"
233;London;Marseille;September;19;18;;INSERT INTO flights_prices (id, origin, destination, month_num, day_of_month, price)  VALUES(;';,;");";"INSERT INTO flights_prices (id, origin, destination, month_num, day_of_month, price)  VALUES(233,'London','Marseille','September',19,18);"
234;London;Marseille;September;20;18;;INSERT INTO flights_prices (id, origin, destination, month_num, day_of_month, price)  VALUES(;';,;");";"INSERT INTO flights_prices (id, origin, destination, month_num, day_of_month, price)  VALUES(234,'London','Marseille','September',20,18);"
235;London;Marseille;September;21;31;;INSERT INTO flights_prices (id, origin, destination, month_num, day_of_month, price)  VALUES(;';,;");";"INSERT INTO flights_prices (id, origin, destination, month_num, day_of_month, price)  VALUES(235,'London','Marseille','September',21,31);"
236;London;Marseille;September;22;23;;INSERT INTO flights_prices (id, origin, destination, month_num, day_of_month, price)  VALUES(;';,;");";"INSERT INTO flights_prices (id, origin, destination, month_num, day_of_month, price)  VALUES(236,'London','Marseille','September',22,23);"
237;London;Marseille;September;23;31;;INSERT INTO flights_prices (id, origin, destination, month_num, day_of_month, price)  VALUES(;';,;");";"INSERT INTO flights_prices (id, origin, destination, month_num, day_of_month, price)  VALUES(237,'London','Marseille','September',23,31);"
238;London;Marseille;September;24;18;;INSERT INTO flights_prices (id, origin, destination, month_num, day_of_month, price)  VALUES(;';,;");";"INSERT INTO flights_prices (id, origin, destination, month_num, day_of_month, price)  VALUES(238,'London','Marseille','September',24,18);"
239;London;Marseille;September;25;18;;INSERT INTO flights_prices (id, origin, destination, month_num, day_of_month, price)  VALUES(;';,;");";"INSERT INTO flights_prices (id, origin, destination, month_num, day_of_month, price)  VALUES(239,'London','Marseille','September',25,18);"
240;London;Marseille;September;26;18;;INSERT INTO flights_prices (id, origin, destination, month_num, day_of_month, price)  VALUES(;';,;");";"INSERT INTO flights_prices (id, origin, destination, month_num, day_of_month, price)  VALUES(240,'London','Marseille','September',26,18);"
241;London;Marseille;September;27;18;;INSERT INTO flights_prices (id, origin, destination, month_num, day_of_month, price)  VALUES(;';,;");";"INSERT INTO flights_prices (id, origin, destination, month_num, day_of_month, price)  VALUES(241,'London','Marseille','September',27,18);"
242;London;Marseille;September;28;18;;INSERT INTO flights_prices (id, origin, destination, month_num, day_of_month, price)  VALUES(;';,;");";"INSERT INTO flights_prices (id, origin, destination, month_num, day_of_month, price)  VALUES(242,'London','Marseille','September',28,18);"
243;London;Marseille;September;29;23;;INSERT INTO flights_prices (id, origin, destination, month_num, day_of_month, price)  VALUES(;';,;");";"INSERT INTO flights_prices (id, origin, destination, month_num, day_of_month, price)  VALUES(243,'London','Marseille','September',29,23);"
244;London;Marseille;September;30;31;;INSERT INTO flights_prices (id, origin, destination, month_num, day_of_month, price)  VALUES(;';,;");";"INSERT INTO flights_prices (id, origin, destination, month_num, day_of_month, price)  VALUES(244,'London','Marseille','September',30,31);"
245;Munich;Budapest;August;2;489;;INSERT INTO flights_prices (id, origin, destination, month_num, day_of_month, price)  VALUES(;';,;");";"INSERT INTO flights_prices (id, origin, destination, month_num, day_of_month, price)  VALUES(245,'Munich','Budapest','August',2,489);"
246;Munich;Budapest;August;3;489;;INSERT INTO flights_prices (id, origin, destination, month_num, day_of_month, price)  VALUES(;';,;");";"INSERT INTO flights_prices (id, origin, destination, month_num, day_of_month, price)  VALUES(246,'Munich','Budapest','August',3,489);"
247;Munich;Budapest;August;4;439;;INSERT INTO flights_prices (id, origin, destination, month_num, day_of_month, price)  VALUES(;';,;");";"INSERT INTO flights_prices (id, origin, destination, month_num, day_of_month, price)  VALUES(247,'Munich','Budapest','August',4,439);"
248;Munich;Budapest;August;5;439;;INSERT INTO flights_prices (id, origin, destination, month_num, day_of_month, price)  VALUES(;';,;");";"INSERT INTO flights_prices (id, origin, destination, month_num, day_of_month, price)  VALUES(248,'Munich','Budapest','August',5,439);"
249;Munich;Budapest;August;6;439;;INSERT INTO flights_prices (id, origin, destination, month_num, day_of_month, price)  VALUES(;';,;");";"INSERT INTO flights_prices (id, origin, destination, month_num, day_of_month, price)  VALUES(249,'Munich','Budapest','August',6,439);"
250;Munich;Budapest;August;7;395;;INSERT INTO flights_prices (id, origin, destination, month_num, day_of_month, price)  VALUES(;';,;");";"INSERT INTO flights_prices (id, origin, destination, month_num, day_of_month, price)  VALUES(250,'Munich','Budapest','August',7,395);"
251;Munich;Budapest;August;8;356;;INSERT INTO flights_prices (id, origin, destination, month_num, day_of_month, price)  VALUES(;';,;");";"INSERT INTO flights_prices (id, origin, destination, month_num, day_of_month, price)  VALUES(251,'Munich','Budapest','August',8,356);"
252;Munich;Budapest;August;9;317;;INSERT INTO flights_prices (id, origin, destination, month_num, day_of_month, price)  VALUES(;';,;");";"INSERT INTO flights_prices (id, origin, destination, month_num, day_of_month, price)  VALUES(252,'Munich','Budapest','August',9,317);"
253;Munich;Budapest;August;10;317;;INSERT INTO flights_prices (id, origin, destination, month_num, day_of_month, price)  VALUES(;';,;");";"INSERT INTO flights_prices (id, origin, destination, month_num, day_of_month, price)  VALUES(253,'Munich','Budapest','August',10,317);"
254;Munich;Budapest;August;11;317;;INSERT INTO flights_prices (id, origin, destination, month_num, day_of_month, price)  VALUES(;';,;");";"INSERT INTO flights_prices (id, origin, destination, month_num, day_of_month, price)  VALUES(254,'Munich','Budapest','August',11,317);"
255;Munich;Budapest;August;12;278;;INSERT INTO flights_prices (id, origin, destination, month_num, day_of_month, price)  VALUES(;';,;");";"INSERT INTO flights_prices (id, origin, destination, month_num, day_of_month, price)  VALUES(255,'Munich','Budapest','August',12,278);"
256;Munich;Budapest;August;13;278;;INSERT INTO flights_prices (id, origin, destination, month_num, day_of_month, price)  VALUES(;';,;");";"INSERT INTO flights_prices (id, origin, destination, month_num, day_of_month, price)  VALUES(256,'Munich','Budapest','August',13,278);"
257;Munich;Budapest;August;14;239;;INSERT INTO flights_prices (id, origin, destination, month_num, day_of_month, price)  VALUES(;';,;");";"INSERT INTO flights_prices (id, origin, destination, month_num, day_of_month, price)  VALUES(257,'Munich','Budapest','August',14,239);"
258;Munich;Budapest;August;15;239;;INSERT INTO flights_prices (id, origin, destination, month_num, day_of_month, price)  VALUES(;';,;");";"INSERT INTO flights_prices (id, origin, destination, month_num, day_of_month, price)  VALUES(258,'Munich','Budapest','August',15,239);"
259;Munich;Budapest;August;16;200;;INSERT INTO flights_prices (id, origin, destination, month_num, day_of_month, price)  VALUES(;';,;");";"INSERT INTO flights_prices (id, origin, destination, month_num, day_of_month, price)  VALUES(259,'Munich','Budapest','August',16,200);"
260;Munich;Budapest;August;17;200;;INSERT INTO flights_prices (id, origin, destination, month_num, day_of_month, price)  VALUES(;';,;");";"INSERT INTO flights_prices (id, origin, destination, month_num, day_of_month, price)  VALUES(260,'Munich','Budapest','August',17,200);"
261;Munich;Budapest;August;18;200;;INSERT INTO flights_prices (id, origin, destination, month_num, day_of_month, price)  VALUES(;';,;");";"INSERT INTO flights_prices (id, origin, destination, month_num, day_of_month, price)  VALUES(261,'Munich','Budapest','August',18,200);"
262;Munich;Budapest;August;19;200;;INSERT INTO flights_prices (id, origin, destination, month_num, day_of_month, price)  VALUES(;';,;");";"INSERT INTO flights_prices (id, origin, destination, month_num, day_of_month, price)  VALUES(262,'Munich','Budapest','August',19,200);"
263;Munich;Budapest;August;20;200;;INSERT INTO flights_prices (id, origin, destination, month_num, day_of_month, price)  VALUES(;';,;");";"INSERT INTO flights_prices (id, origin, destination, month_num, day_of_month, price)  VALUES(263,'Munich','Budapest','August',20,200);"
264;Munich;Budapest;August;21;167;;INSERT INTO flights_prices (id, origin, destination, month_num, day_of_month, price)  VALUES(;';,;");";"INSERT INTO flights_prices (id, origin, destination, month_num, day_of_month, price)  VALUES(264,'Munich','Budapest','August',21,167);"
265;Munich;Budapest;August;22;167;;INSERT INTO flights_prices (id, origin, destination, month_num, day_of_month, price)  VALUES(;';,;");";"INSERT INTO flights_prices (id, origin, destination, month_num, day_of_month, price)  VALUES(265,'Munich','Budapest','August',22,167);"
266;Munich;Budapest;August;23;200;;INSERT INTO flights_prices (id, origin, destination, month_num, day_of_month, price)  VALUES(;';,;");";"INSERT INTO flights_prices (id, origin, destination, month_num, day_of_month, price)  VALUES(266,'Munich','Budapest','August',23,200);"
267;Munich;Budapest;August;24;167;;INSERT INTO flights_prices (id, origin, destination, month_num, day_of_month, price)  VALUES(;';,;");";"INSERT INTO flights_prices (id, origin, destination, month_num, day_of_month, price)  VALUES(267,'Munich','Budapest','August',24,167);"
268;Munich;Budapest;August;25;167;;INSERT INTO flights_prices (id, origin, destination, month_num, day_of_month, price)  VALUES(;';,;");";"INSERT INTO flights_prices (id, origin, destination, month_num, day_of_month, price)  VALUES(268,'Munich','Budapest','August',25,167);"
269;Munich;Budapest;August;26;167;;INSERT INTO flights_prices (id, origin, destination, month_num, day_of_month, price)  VALUES(;';,;");";"INSERT INTO flights_prices (id, origin, destination, month_num, day_of_month, price)  VALUES(269,'Munich','Budapest','August',26,167);"
270;Munich;Budapest;August;27;167;;INSERT INTO flights_prices (id, origin, destination, month_num, day_of_month, price)  VALUES(;';,;");";"INSERT INTO flights_prices (id, origin, destination, month_num, day_of_month, price)  VALUES(270,'Munich','Budapest','August',27,167);"
271;Munich;Budapest;August;28;167;;INSERT INTO flights_prices (id, origin, destination, month_num, day_of_month, price)  VALUES(;';,;");";"INSERT INTO flights_prices (id, origin, destination, month_num, day_of_month, price)  VALUES(271,'Munich','Budapest','August',28,167);"
272;Munich;Budapest;August;29;200;;INSERT INTO flights_prices (id, origin, destination, month_num, day_of_month, price)  VALUES(;';,;");";"INSERT INTO flights_prices (id, origin, destination, month_num, day_of_month, price)  VALUES(272,'Munich','Budapest','August',29,200);"
273;Munich;Budapest;August;30;167;;INSERT INTO flights_prices (id, origin, destination, month_num, day_of_month, price)  VALUES(;';,;");";"INSERT INTO flights_prices (id, origin, destination, month_num, day_of_month, price)  VALUES(273,'Munich','Budapest','August',30,167);"
274;Munich;Budapest;August;31;167;;INSERT INTO flights_prices (id, origin, destination, month_num, day_of_month, price)  VALUES(;';,;");";"INSERT INTO flights_prices (id, origin, destination, month_num, day_of_month, price)  VALUES(274,'Munich','Budapest','August',31,167);"
275;Munich;Budapest;September;1;167;;INSERT INTO flights_prices (id, origin, destination, month_num, day_of_month, price)  VALUES(;';,;");";"INSERT INTO flights_prices (id, origin, destination, month_num, day_of_month, price)  VALUES(275,'Munich','Budapest','September',1,167);"
276;Munich;Budapest;September;2;167;;INSERT INTO flights_prices (id, origin, destination, month_num, day_of_month, price)  VALUES(;';,;");";"INSERT INTO flights_prices (id, origin, destination, month_num, day_of_month, price)  VALUES(276,'Munich','Budapest','September',2,167);"
277;Munich;Budapest;September;3;167;;INSERT INTO flights_prices (id, origin, destination, month_num, day_of_month, price)  VALUES(;';,;");";"INSERT INTO flights_prices (id, origin, destination, month_num, day_of_month, price)  VALUES(277,'Munich','Budapest','September',3,167);"
278;Munich;Budapest;September;4;167;;INSERT INTO flights_prices (id, origin, destination, month_num, day_of_month, price)  VALUES(;';,;");";"INSERT INTO flights_prices (id, origin, destination, month_num, day_of_month, price)  VALUES(278,'Munich','Budapest','September',4,167);"
279;Munich;Budapest;September;5;167;;INSERT INTO flights_prices (id, origin, destination, month_num, day_of_month, price)  VALUES(;';,;");";"INSERT INTO flights_prices (id, origin, destination, month_num, day_of_month, price)  VALUES(279,'Munich','Budapest','September',5,167);"
280;Munich;Budapest;September;6;167;;INSERT INTO flights_prices (id, origin, destination, month_num, day_of_month, price)  VALUES(;';,;");";"INSERT INTO flights_prices (id, origin, destination, month_num, day_of_month, price)  VALUES(280,'Munich','Budapest','September',6,167);"
281;Munich;Budapest;September;7;167;;INSERT INTO flights_prices (id, origin, destination, month_num, day_of_month, price)  VALUES(;';,;");";"INSERT INTO flights_prices (id, origin, destination, month_num, day_of_month, price)  VALUES(281,'Munich','Budapest','September',7,167);"
282;Munich;Budapest;September;8;139;;INSERT INTO flights_prices (id, origin, destination, month_num, day_of_month, price)  VALUES(;';,;");";"INSERT INTO flights_prices (id, origin, destination, month_num, day_of_month, price)  VALUES(282,'Munich','Budapest','September',8,139);"
283;Munich;Budapest;September;9;167;;INSERT INTO flights_prices (id, origin, destination, month_num, day_of_month, price)  VALUES(;';,;");";"INSERT INTO flights_prices (id, origin, destination, month_num, day_of_month, price)  VALUES(283,'Munich','Budapest','September',9,167);"
284;Munich;Budapest;September;10;167;;INSERT INTO flights_prices (id, origin, destination, month_num, day_of_month, price)  VALUES(;';,;");";"INSERT INTO flights_prices (id, origin, destination, month_num, day_of_month, price)  VALUES(284,'Munich','Budapest','September',10,167);"
285;Munich;Budapest;September;11;167;;INSERT INTO flights_prices (id, origin, destination, month_num, day_of_month, price)  VALUES(;';,;");";"INSERT INTO flights_prices (id, origin, destination, month_num, day_of_month, price)  VALUES(285,'Munich','Budapest','September',11,167);"
286;Munich;Budapest;September;12;167;;INSERT INTO flights_prices (id, origin, destination, month_num, day_of_month, price)  VALUES(;';,;");";"INSERT INTO flights_prices (id, origin, destination, month_num, day_of_month, price)  VALUES(286,'Munich','Budapest','September',12,167);"
287;Munich;Budapest;September;13;167;;INSERT INTO flights_prices (id, origin, destination, month_num, day_of_month, price)  VALUES(;';,;");";"INSERT INTO flights_prices (id, origin, destination, month_num, day_of_month, price)  VALUES(287,'Munich','Budapest','September',13,167);"
288;Munich;Budapest;September;14;167;;INSERT INTO flights_prices (id, origin, destination, month_num, day_of_month, price)  VALUES(;';,;");";"INSERT INTO flights_prices (id, origin, destination, month_num, day_of_month, price)  VALUES(288,'Munich','Budapest','September',14,167);"
289;Munich;Budapest;September;15;167;;INSERT INTO flights_prices (id, origin, destination, month_num, day_of_month, price)  VALUES(;';,;");";"INSERT INTO flights_prices (id, origin, destination, month_num, day_of_month, price)  VALUES(289,'Munich','Budapest','September',15,167);"
290;Munich;Budapest;September;16;167;;INSERT INTO flights_prices (id, origin, destination, month_num, day_of_month, price)  VALUES(;';,;");";"INSERT INTO flights_prices (id, origin, destination, month_num, day_of_month, price)  VALUES(290,'Munich','Budapest','September',16,167);"
291;Munich;Budapest;September;17;167;;INSERT INTO flights_prices (id, origin, destination, month_num, day_of_month, price)  VALUES(;';,;");";"INSERT INTO flights_prices (id, origin, destination, month_num, day_of_month, price)  VALUES(291,'Munich','Budapest','September',17,167);"
292;Munich;Budapest;September;18;167;;INSERT INTO flights_prices (id, origin, destination, month_num, day_of_month, price)  VALUES(;';,;");";"INSERT INTO flights_prices (id, origin, destination, month_num, day_of_month, price)  VALUES(292,'Munich','Budapest','September',18,167);"
293;Munich;Budapest;September;19;167;;INSERT INTO flights_prices (id, origin, destination, month_num, day_of_month, price)  VALUES(;';,;");";"INSERT INTO flights_prices (id, origin, destination, month_num, day_of_month, price)  VALUES(293,'Munich','Budapest','September',19,167);"
294;Munich;Budapest;September;20;167;;INSERT INTO flights_prices (id, origin, destination, month_num, day_of_month, price)  VALUES(;';,;");";"INSERT INTO flights_prices (id, origin, destination, month_num, day_of_month, price)  VALUES(294,'Munich','Budapest','September',20,167);"
295;Munich;Budapest;September;21;139;;INSERT INTO flights_prices (id, origin, destination, month_num, day_of_month, price)  VALUES(;';,;");";"INSERT INTO flights_prices (id, origin, destination, month_num, day_of_month, price)  VALUES(295,'Munich','Budapest','September',21,139);"
296;Munich;Budapest;September;22;167;;INSERT INTO flights_prices (id, origin, destination, month_num, day_of_month, price)  VALUES(;';,;");";"INSERT INTO flights_prices (id, origin, destination, month_num, day_of_month, price)  VALUES(296,'Munich','Budapest','September',22,167);"
297;Munich;Budapest;September;23;167;;INSERT INTO flights_prices (id, origin, destination, month_num, day_of_month, price)  VALUES(;';,;");";"INSERT INTO flights_prices (id, origin, destination, month_num, day_of_month, price)  VALUES(297,'Munich','Budapest','September',23,167);"
298;Munich;Budapest;September;24;167;;INSERT INTO flights_prices (id, origin, destination, month_num, day_of_month, price)  VALUES(;';,;");";"INSERT INTO flights_prices (id, origin, destination, month_num, day_of_month, price)  VALUES(298,'Munich','Budapest','September',24,167);"
299;Munich;Budapest;September;25;139;;INSERT INTO flights_prices (id, origin, destination, month_num, day_of_month, price)  VALUES(;';,;");";"INSERT INTO flights_prices (id, origin, destination, month_num, day_of_month, price)  VALUES(299,'Munich','Budapest','September',25,139);"
300;Munich;Budapest;September;26;167;;INSERT INTO flights_prices (id, origin, destination, month_num, day_of_month, price)  VALUES(;';,;");";"INSERT INTO flights_prices (id, origin, destination, month_num, day_of_month, price)  VALUES(300,'Munich','Budapest','September',26,167);"
301;Munich;Budapest;September;27;139;;INSERT INTO flights_prices (id, origin, destination, month_num, day_of_month, price)  VALUES(;';,;");";"INSERT INTO flights_prices (id, origin, destination, month_num, day_of_month, price)  VALUES(301,'Munich','Budapest','September',27,139);"
302;Munich;Budapest;September;28;139;;INSERT INTO flights_prices (id, origin, destination, month_num, day_of_month, price)  VALUES(;';,;");";"INSERT INTO flights_prices (id, origin, destination, month_num, day_of_month, price)  VALUES(302,'Munich','Budapest','September',28,139);"
303;Munich;Budapest;September;29;167;;INSERT INTO flights_prices (id, origin, destination, month_num, day_of_month, price)  VALUES(;';,;");";"INSERT INTO flights_prices (id, origin, destination, month_num, day_of_month, price)  VALUES(303,'Munich','Budapest','September',29,167);"
304;Munich;Budapest;September;30;167;;INSERT INTO flights_prices (id, origin, destination, month_num, day_of_month, price)  VALUES(;';,;");";"INSERT INTO flights_prices (id, origin, destination, month_num, day_of_month, price)  VALUES(304,'Munich','Budapest','September',30,167);"
305;Zurich;Milan;August;2;125;;INSERT INTO flights_prices (id, origin, destination, month_num, day_of_month, price)  VALUES(;';,;");";"INSERT INTO flights_prices (id, origin, destination, month_num, day_of_month, price)  VALUES(305,'Zurich','Milan','August',2,125);"
306;Zurich;Milan;August;3;125;;INSERT INTO flights_prices (id, origin, destination, month_num, day_of_month, price)  VALUES(;';,;");";"INSERT INTO flights_prices (id, origin, destination, month_num, day_of_month, price)  VALUES(306,'Zurich','Milan','August',3,125);"
307;Zurich;Milan;August;4;125;;INSERT INTO flights_prices (id, origin, destination, month_num, day_of_month, price)  VALUES(;';,;");";"INSERT INTO flights_prices (id, origin, destination, month_num, day_of_month, price)  VALUES(307,'Zurich','Milan','August',4,125);"
308;Zurich;Milan;August;5;125;;INSERT INTO flights_prices (id, origin, destination, month_num, day_of_month, price)  VALUES(;';,;");";"INSERT INTO flights_prices (id, origin, destination, month_num, day_of_month, price)  VALUES(308,'Zurich','Milan','August',5,125);"
309;Zurich;Milan;August;6;125;;INSERT INTO flights_prices (id, origin, destination, month_num, day_of_month, price)  VALUES(;';,;");";"INSERT INTO flights_prices (id, origin, destination, month_num, day_of_month, price)  VALUES(309,'Zurich','Milan','August',6,125);"
310;Zurich;Milan;August;7;125;;INSERT INTO flights_prices (id, origin, destination, month_num, day_of_month, price)  VALUES(;';,;");";"INSERT INTO flights_prices (id, origin, destination, month_num, day_of_month, price)  VALUES(310,'Zurich','Milan','August',7,125);"
311;Zurich;Milan;August;8;125;;INSERT INTO flights_prices (id, origin, destination, month_num, day_of_month, price)  VALUES(;';,;");";"INSERT INTO flights_prices (id, origin, destination, month_num, day_of_month, price)  VALUES(311,'Zurich','Milan','August',8,125);"
312;Zurich;Milan;August;9;125;;INSERT INTO flights_prices (id, origin, destination, month_num, day_of_month, price)  VALUES(;';,;");";"INSERT INTO flights_prices (id, origin, destination, month_num, day_of_month, price)  VALUES(312,'Zurich','Milan','August',9,125);"
313;Zurich;Milan;August;10;125;;INSERT INTO flights_prices (id, origin, destination, month_num, day_of_month, price)  VALUES(;';,;");";"INSERT INTO flights_prices (id, origin, destination, month_num, day_of_month, price)  VALUES(313,'Zurich','Milan','August',10,125);"
314;Zurich;Milan;August;11;125;;INSERT INTO flights_prices (id, origin, destination, month_num, day_of_month, price)  VALUES(;';,;");";"INSERT INTO flights_prices (id, origin, destination, month_num, day_of_month, price)  VALUES(314,'Zurich','Milan','August',11,125);"
315;Zurich;Milan;August;12;125;;INSERT INTO flights_prices (id, origin, destination, month_num, day_of_month, price)  VALUES(;';,;");";"INSERT INTO flights_prices (id, origin, destination, month_num, day_of_month, price)  VALUES(315,'Zurich','Milan','August',12,125);"
316;Zurich;Milan;August;13;125;;INSERT INTO flights_prices (id, origin, destination, month_num, day_of_month, price)  VALUES(;';,;");";"INSERT INTO flights_prices (id, origin, destination, month_num, day_of_month, price)  VALUES(316,'Zurich','Milan','August',13,125);"
317;Zurich;Milan;August;14;125;;INSERT INTO flights_prices (id, origin, destination, month_num, day_of_month, price)  VALUES(;';,;");";"INSERT INTO flights_prices (id, origin, destination, month_num, day_of_month, price)  VALUES(317,'Zurich','Milan','August',14,125);"
318;Zurich;Milan;August;15;125;;INSERT INTO flights_prices (id, origin, destination, month_num, day_of_month, price)  VALUES(;';,;");";"INSERT INTO flights_prices (id, origin, destination, month_num, day_of_month, price)  VALUES(318,'Zurich','Milan','August',15,125);"
319;Zurich;Milan;August;16;125;;INSERT INTO flights_prices (id, origin, destination, month_num, day_of_month, price)  VALUES(;';,;");";"INSERT INTO flights_prices (id, origin, destination, month_num, day_of_month, price)  VALUES(319,'Zurich','Milan','August',16,125);"
320;Zurich;Milan;August;17;125;;INSERT INTO flights_prices (id, origin, destination, month_num, day_of_month, price)  VALUES(;';,;");";"INSERT INTO flights_prices (id, origin, destination, month_num, day_of_month, price)  VALUES(320,'Zurich','Milan','August',17,125);"
321;Zurich;Milan;August;18;125;;INSERT INTO flights_prices (id, origin, destination, month_num, day_of_month, price)  VALUES(;';,;");";"INSERT INTO flights_prices (id, origin, destination, month_num, day_of_month, price)  VALUES(321,'Zurich','Milan','August',18,125);"
322;Zurich;Milan;August;19;125;;INSERT INTO flights_prices (id, origin, destination, month_num, day_of_month, price)  VALUES(;';,;");";"INSERT INTO flights_prices (id, origin, destination, month_num, day_of_month, price)  VALUES(322,'Zurich','Milan','August',19,125);"
323;Zurich;Milan;August;20;125;;INSERT INTO flights_prices (id, origin, destination, month_num, day_of_month, price)  VALUES(;';,;");";"INSERT INTO flights_prices (id, origin, destination, month_num, day_of_month, price)  VALUES(323,'Zurich','Milan','August',20,125);"
324;Zurich;Milan;August;21;78;;INSERT INTO flights_prices (id, origin, destination, month_num, day_of_month, price)  VALUES(;';,;");";"INSERT INTO flights_prices (id, origin, destination, month_num, day_of_month, price)  VALUES(324,'Zurich','Milan','August',21,78);"
325;Zurich;Milan;August;22;125;;INSERT INTO flights_prices (id, origin, destination, month_num, day_of_month, price)  VALUES(;';,;");";"INSERT INTO flights_prices (id, origin, destination, month_num, day_of_month, price)  VALUES(325,'Zurich','Milan','August',22,125);"
326;Zurich;Milan;August;23;125;;INSERT INTO flights_prices (id, origin, destination, month_num, day_of_month, price)  VALUES(;';,;");";"INSERT INTO flights_prices (id, origin, destination, month_num, day_of_month, price)  VALUES(326,'Zurich','Milan','August',23,125);"
327;Zurich;Milan;August;24;125;;INSERT INTO flights_prices (id, origin, destination, month_num, day_of_month, price)  VALUES(;';,;");";"INSERT INTO flights_prices (id, origin, destination, month_num, day_of_month, price)  VALUES(327,'Zurich','Milan','August',24,125);"
328;Zurich;Milan;August;25;125;;INSERT INTO flights_prices (id, origin, destination, month_num, day_of_month, price)  VALUES(;';,;");";"INSERT INTO flights_prices (id, origin, destination, month_num, day_of_month, price)  VALUES(328,'Zurich','Milan','August',25,125);"
329;Zurich;Milan;August;26;149;;INSERT INTO flights_prices (id, origin, destination, month_num, day_of_month, price)  VALUES(;';,;");";"INSERT INTO flights_prices (id, origin, destination, month_num, day_of_month, price)  VALUES(329,'Zurich','Milan','August',26,149);"
330;Zurich;Milan;August;27;125;;INSERT INTO flights_prices (id, origin, destination, month_num, day_of_month, price)  VALUES(;';,;");";"INSERT INTO flights_prices (id, origin, destination, month_num, day_of_month, price)  VALUES(330,'Zurich','Milan','August',27,125);"
331;Zurich;Milan;August;28;78;;INSERT INTO flights_prices (id, origin, destination, month_num, day_of_month, price)  VALUES(;';,;");";"INSERT INTO flights_prices (id, origin, destination, month_num, day_of_month, price)  VALUES(331,'Zurich','Milan','August',28,78);"
332;Zurich;Milan;August;29;125;;INSERT INTO flights_prices (id, origin, destination, month_num, day_of_month, price)  VALUES(;';,;");";"INSERT INTO flights_prices (id, origin, destination, month_num, day_of_month, price)  VALUES(332,'Zurich','Milan','August',29,125);"
333;Zurich;Milan;August;30;125;;INSERT INTO flights_prices (id, origin, destination, month_num, day_of_month, price)  VALUES(;';,;");";"INSERT INTO flights_prices (id, origin, destination, month_num, day_of_month, price)  VALUES(333,'Zurich','Milan','August',30,125);"
334;Zurich;Milan;August;31;125;;INSERT INTO flights_prices (id, origin, destination, month_num, day_of_month, price)  VALUES(;';,;");";"INSERT INTO flights_prices (id, origin, destination, month_num, day_of_month, price)  VALUES(334,'Zurich','Milan','August',31,125);"
335;Zurich;Milan;September;1;125;;INSERT INTO flights_prices (id, origin, destination, month_num, day_of_month, price)  VALUES(;';,;");";"INSERT INTO flights_prices (id, origin, destination, month_num, day_of_month, price)  VALUES(335,'Zurich','Milan','September',1,125);"
336;Zurich;Milan;September;2;125;;INSERT INTO flights_prices (id, origin, destination, month_num, day_of_month, price)  VALUES(;';,;");";"INSERT INTO flights_prices (id, origin, destination, month_num, day_of_month, price)  VALUES(336,'Zurich','Milan','September',2,125);"
337;Zurich;Milan;September;3;125;;INSERT INTO flights_prices (id, origin, destination, month_num, day_of_month, price)  VALUES(;';,;");";"INSERT INTO flights_prices (id, origin, destination, month_num, day_of_month, price)  VALUES(337,'Zurich','Milan','September',3,125);"
338;Zurich;Milan;September;4;78;;INSERT INTO flights_prices (id, origin, destination, month_num, day_of_month, price)  VALUES(;';,;");";"INSERT INTO flights_prices (id, origin, destination, month_num, day_of_month, price)  VALUES(338,'Zurich','Milan','September',4,78);"
339;Zurich;Milan;September;5;125;;INSERT INTO flights_prices (id, origin, destination, month_num, day_of_month, price)  VALUES(;';,;");";"INSERT INTO flights_prices (id, origin, destination, month_num, day_of_month, price)  VALUES(339,'Zurich','Milan','September',5,125);"
340;Zurich;Milan;September;6;125;;INSERT INTO flights_prices (id, origin, destination, month_num, day_of_month, price)  VALUES(;';,;");";"INSERT INTO flights_prices (id, origin, destination, month_num, day_of_month, price)  VALUES(340,'Zurich','Milan','September',6,125);"
341;Zurich;Milan;September;7;125;;INSERT INTO flights_prices (id, origin, destination, month_num, day_of_month, price)  VALUES(;';,;");";"INSERT INTO flights_prices (id, origin, destination, month_num, day_of_month, price)  VALUES(341,'Zurich','Milan','September',7,125);"
342;Zurich;Milan;September;8;125;;INSERT INTO flights_prices (id, origin, destination, month_num, day_of_month, price)  VALUES(;';,;");";"INSERT INTO flights_prices (id, origin, destination, month_num, day_of_month, price)  VALUES(342,'Zurich','Milan','September',8,125);"
343;Zurich;Milan;September;9;125;;INSERT INTO flights_prices (id, origin, destination, month_num, day_of_month, price)  VALUES(;';,;");";"INSERT INTO flights_prices (id, origin, destination, month_num, day_of_month, price)  VALUES(343,'Zurich','Milan','September',9,125);"
344;Zurich;Milan;September;10;125;;INSERT INTO flights_prices (id, origin, destination, month_num, day_of_month, price)  VALUES(;';,;");";"INSERT INTO flights_prices (id, origin, destination, month_num, day_of_month, price)  VALUES(344,'Zurich','Milan','September',10,125);"
345;Zurich;Milan;September;11;78;;INSERT INTO flights_prices (id, origin, destination, month_num, day_of_month, price)  VALUES(;';,;");";"INSERT INTO flights_prices (id, origin, destination, month_num, day_of_month, price)  VALUES(345,'Zurich','Milan','September',11,78);"
346;Zurich;Milan;September;12;125;;INSERT INTO flights_prices (id, origin, destination, month_num, day_of_month, price)  VALUES(;';,;");";"INSERT INTO flights_prices (id, origin, destination, month_num, day_of_month, price)  VALUES(346,'Zurich','Milan','September',12,125);"
347;Zurich;Milan;September;13;125;;INSERT INTO flights_prices (id, origin, destination, month_num, day_of_month, price)  VALUES(;';,;");";"INSERT INTO flights_prices (id, origin, destination, month_num, day_of_month, price)  VALUES(347,'Zurich','Milan','September',13,125);"
348;Zurich;Milan;September;14;125;;INSERT INTO flights_prices (id, origin, destination, month_num, day_of_month, price)  VALUES(;';,;");";"INSERT INTO flights_prices (id, origin, destination, month_num, day_of_month, price)  VALUES(348,'Zurich','Milan','September',14,125);"
349;Zurich;Milan;September;15;125;;INSERT INTO flights_prices (id, origin, destination, month_num, day_of_month, price)  VALUES(;';,;");";"INSERT INTO flights_prices (id, origin, destination, month_num, day_of_month, price)  VALUES(349,'Zurich','Milan','September',15,125);"
350;Zurich;Milan;September;16;125;;INSERT INTO flights_prices (id, origin, destination, month_num, day_of_month, price)  VALUES(;';,;");";"INSERT INTO flights_prices (id, origin, destination, month_num, day_of_month, price)  VALUES(350,'Zurich','Milan','September',16,125);"
351;Zurich;Milan;September;17;125;;INSERT INTO flights_prices (id, origin, destination, month_num, day_of_month, price)  VALUES(;';,;");";"INSERT INTO flights_prices (id, origin, destination, month_num, day_of_month, price)  VALUES(351,'Zurich','Milan','September',17,125);"
352;Zurich;Milan;September;18;78;;INSERT INTO flights_prices (id, origin, destination, month_num, day_of_month, price)  VALUES(;';,;");";"INSERT INTO flights_prices (id, origin, destination, month_num, day_of_month, price)  VALUES(352,'Zurich','Milan','September',18,78);"
353;Zurich;Milan;September;19;125;;INSERT INTO flights_prices (id, origin, destination, month_num, day_of_month, price)  VALUES(;';,;");";"INSERT INTO flights_prices (id, origin, destination, month_num, day_of_month, price)  VALUES(353,'Zurich','Milan','September',19,125);"
354;Zurich;Milan;September;20;125;;INSERT INTO flights_prices (id, origin, destination, month_num, day_of_month, price)  VALUES(;';,;");";"INSERT INTO flights_prices (id, origin, destination, month_num, day_of_month, price)  VALUES(354,'Zurich','Milan','September',20,125);"
355;Zurich;Milan;September;21;125;;INSERT INTO flights_prices (id, origin, destination, month_num, day_of_month, price)  VALUES(;';,;");";"INSERT INTO flights_prices (id, origin, destination, month_num, day_of_month, price)  VALUES(355,'Zurich','Milan','September',21,125);"
356;Zurich;Milan;September;22;125;;INSERT INTO flights_prices (id, origin, destination, month_num, day_of_month, price)  VALUES(;';,;");";"INSERT INTO flights_prices (id, origin, destination, month_num, day_of_month, price)  VALUES(356,'Zurich','Milan','September',22,125);"
357;Zurich;Milan;September;23;125;;INSERT INTO flights_prices (id, origin, destination, month_num, day_of_month, price)  VALUES(;';,;");";"INSERT INTO flights_prices (id, origin, destination, month_num, day_of_month, price)  VALUES(357,'Zurich','Milan','September',23,125);"
358;Zurich;Milan;September;24;125;;INSERT INTO flights_prices (id, origin, destination, month_num, day_of_month, price)  VALUES(;';,;");";"INSERT INTO flights_prices (id, origin, destination, month_num, day_of_month, price)  VALUES(358,'Zurich','Milan','September',24,125);"
359;Zurich;Milan;September;25;78;;INSERT INTO flights_prices (id, origin, destination, month_num, day_of_month, price)  VALUES(;';,;");";"INSERT INTO flights_prices (id, origin, destination, month_num, day_of_month, price)  VALUES(359,'Zurich','Milan','September',25,78);"
360;Zurich;Milan;September;26;125;;INSERT INTO flights_prices (id, origin, destination, month_num, day_of_month, price)  VALUES(;';,;");";"INSERT INTO flights_prices (id, origin, destination, month_num, day_of_month, price)  VALUES(360,'Zurich','Milan','September',26,125);"
361;Zurich;Milan;September;27;125;;INSERT INTO flights_prices (id, origin, destination, month_num, day_of_month, price)  VALUES(;';,;");";"INSERT INTO flights_prices (id, origin, destination, month_num, day_of_month, price)  VALUES(361,'Zurich','Milan','September',27,125);"
362;Zurich;Milan;September;28;125;;INSERT INTO flights_prices (id, origin, destination, month_num, day_of_month, price)  VALUES(;';,;");";"INSERT INTO flights_prices (id, origin, destination, month_num, day_of_month, price)  VALUES(362,'Zurich','Milan','September',28,125);"
363;Zurich;Milan;September;29;125;;INSERT INTO flights_prices (id, origin, destination, month_num, day_of_month, price)  VALUES(;';,;");";"INSERT INTO flights_prices (id, origin, destination, month_num, day_of_month, price)  VALUES(363,'Zurich','Milan','September',29,125);"
364;Zurich;Milan;September;30;125;;INSERT INTO flights_prices (id, origin, destination, month_num, day_of_month, price)  VALUES(;';,;");";"INSERT INTO flights_prices (id, origin, destination, month_num, day_of_month, price)  VALUES(364,'Zurich','Milan','September',30,125);"
